id;platform;text;traffic;sport;work;culture;events;politics
0;0;KterÃ½ dopravnÃ­ podnik mÃ¡ nejhezÄÃ­ kalendÃ¡Å™ na rok 2019? Hlasujte v anketÄ› a podpoÅ™te svÃ©ho favorita, tÅ™eba prÃ¡vÄ› ten nÃ¡Å¡! @DopravniPodnik  https://link.com/12345;1;0;0;0;0;0
1;0;PortrÃ©ty nejÄerstvÄ›jÅ¡Ã­ch laureÃ¡tÅ¯ Ceny mÄ›sta Brna dominujÃ­ ÄtvrtÃ©mu roÄnÃ­ku autorskÃ© vÃ½stavy fotografa Jana NovÃ¡ka. VÃ½stava pÅ™Ã­znaÄnÄ› nazvanÃ¡ Osobnosti IV. byla v KÅ™Ã­Å¾ovÃ© chodbÄ› NovÃ© radnice zahÃ¡jena dnes v 17 hodin â†’ https://link.com/12345;0;0;0;1;1;0
2;0;Autobusy a trolejbusy v BrnÄ› se pomalu zaÄÃ­najÃ­ rozjÃ­Å¾dÄ›t. Ledovka paralyzovala osobnÃ­ i hromadnou dopravu, fotka starÃ¡ hodinu mluvÃ­ za vÅ¡e. #pocasineporucis https://link.com/12345;1;0;0;0;0;0
3;0;Na eshopu BRNOiD si lidÃ© loni zakoupili tÃ©mÄ›Å™ 77 tisÃ­c pÅ™edplatnÃ­ch jÃ­zdenek, Å¡estkrÃ¡t se zvÃ½Å¡il poÄet BrÅˆanÅ¯,kteÅ™Ã­ tak zaplatili za komunÃ¡lnÃ­ odpad. Status studenta si zde ovÄ›Å™ilo osm tisÃ­c studentÅ¯, pÅ™ipravujeme  spoluprÃ¡ci s VFU a dalÅ¡Ã­mi. SluÅ¾eb na BRNOiD mÃ¡ dÃ¡le pÅ™ibÃ½vat. https://link.com/12345;1;0;0;0;0;0
4;0;PrvnÃ­ den na ostro a zatÃ­m bez komplikacÃ­. DolnÃ­ nÃ¡draÅ¾Ã­, 7:23. Sledujeme, reagujeme. https://link.com/12345;1;0;0;0;0;0
5;0;Podle informacÃ­ od @PolicieCZ rozhodl soud o vyhoÅ¡tÄ›nÃ­ Å™idiÄe, kterÃ½ vezl v autÄ› 8 bÄ›Å¾encÅ¯ z IrÃ¡ku. Po honiÄce auto v nedÄ›li zastavili policistÃ© na dÃ¡lnici D2 pÅ™ed Brnem. Auto propadne stÃ¡tu. https://link.com/12345;1;0;0;0;0;0
6;0;Dozvuky vÃ¡noÄnÃ­ch svÃ¡tkÅ¯, bleÅ¡Ã­ trh, svatebnÃ­ bazar, filmovÃ½ festival nebo narozeniny divadla PolÃ¡rka. Takovou nabÃ­dku pÅ™inese teprve druhÃ½ vÃ­kend roku 2019.\n#vikendovetipy â†’ https://link.com/12345 https://link.com/12345;0;0;0;1;1;0
7;0;Dneska mÃ¡m za sebou cestovatelskÃ½ trojÃºhelnÃ­k Brno - Praha - Ostrava - Brno. PrÃ¡vÄ› jsem pÅ™ijel domÅ¯ a koukÃ¡m, Å¾e Soukup jde do politiky? JdÄ›te s tÃ­m do hÃ¡je, to mi nedÄ›lejte...;1;0;0;0;0;1
8;0;[Job] Civil Engineer | Company: Energochem | Location: Brno JM  Czech Republic | #Brno #Energy #Engineering #Jobs | More info at  https://link.com/12345;0;0;1;0;0;0
9;0;@karel2 Karle, omlouvÃ¡me se, nÄ›jak jsme ztratili pointu. V BrnÄ› se dÃ¡ zaparkovat v centru i v parkovacÃ­ch domech, vÃ½bÄ›r jistÄ› je. Ale jak souvisÃ­ nemocnice s dolnÃ­m nÃ¡draÅ¾Ã­m nÃ¡m bohuÅ¾el unikÃ¡ :(;1;0;0;0;0;0
10;0;Publicados los resultados de la carrera 'Brno GP' del evento Clio Cup Race2race:\n1Âº Juan Lezcano\n2Âº Sergio Matorra De la Huerta\n3Âº marcos  del blanco gonzalez\n\nInfo:  https://link.com/12345;0;1;0;0;1;0
11;0;Pushteek fest â€“ 23. Ãºnora 2019 â€“ Brno, Kabinet MÃºz â€“ od 16.00 https://link.com/12345;0;0;0;1;1;0
12;0;23. 2. 2019 - Brno - Kabinet MÃºz - Bonus vs DJ Mary C, Decultivate, Fyasco (SK), Hopes, I Am Pentagon, Idea (Ty Nikdy label), LAVRA, Repelent SS, Vole: PUSHTEEK FEST https://link.com/12345;0;0;0;1;1;0
13;0;Faitgallery a VladimÃ­t Kokolia. VÃ½stava naprosto supr, takhle by to mÄ›lo vypadat. #faitgallery #art #emeni #obrazy #kokolia #brno;0;0;0;1;0;0
14;0;@martin Na mÃ­stÄ› to bohuÅ¾el nejde vymyslet jinak. Auta by pÅ™ekÃ¡Å¾ela MHD, kterÃ¡ je zase dÅ¯leÅ¾itÃ¡ pro komfort cestujÃ­cÃ­ch. NavÃ­c je zde zvÃ½Å¡enÃ½ pohyb lidÃ­. IdeÃ¡lnÄ› tedy na dolnÃ­ nÃ¡draÅ¾Ã­ vyuÅ¾Ã­vat MHD Äi zaparkovat na chvÃ­li na placenÃ©m parkoviÅ¡ti.;1;0;0;0;0;0
15;0;Na zÃ¡kladÄ› podnÄ›tu obÄana Å½idenic, pana Petra DoleÅ¾ala, dojde k vypnutÃ­ semaforu na kÅ™iÅ¾ovatce TÃ¡borskÃ¡/BÄ›lohorskÃ¡. ZatÃ­m zkusmo, doÄasnÄ›, pokud se to osvÄ›dÄÃ­, byl by semafor vypnut do ukonÄenÃ­ vÃ½luky zÃ¡brdovickÃ©ho mostu. ğŸš¦âŒ\n#dÄ›kujeme #doprava #brno #Å¾idenice @autem https://link.com/12345;1;0;0;0;0;0
16;0;#Postdoctoral #Researcher in Discrete #Mathematics and #Algorithms â€“ @Masarna @univerzita: https://link.com/12345 #postdoc #jobs #sciencejobs #vacancies #Brno #CzechRepublic #Europe #EU #discreteMathematics #discreteAlgorithms #computerScience #ERCgrant #ERCfunding #ERC;0;0;1;0;0;0
17;0;#PhD Student and #Postdoctoral #Researcher in the #Genome Integrity team.\n#science #career #jobs #sciencejobs #job #postdoc #genetics #genomics\n#Brno\nhttps://link.com/12345;0;0;1;0;0;0
18;0;"At Thermo Fisher Scientific, our work has a purpose. Our work requires passion &amp; creates meaningful outcomes. Click here to learn more about becoming a part of our team in #Brno. https://link.com/12345 #GeneralScience";0;0;1;0;0;0
19;0;Ode dneÅ¡ka aÅ¾ do nedÄ›le je otevÅ™enÃ½ veletrh Go a Regiontour ğŸŒ\nA my jsme tam taky! Stavte se u stÃ¡nku, kde na vÃ¡s dnes ÄekÃ¡ Science Slam @univerzita, 3D brÃ½le @ZooBrno nebo kapela Midnight Coffee Session. https://link.com/12345;0;0;0;0;1;0
20;0;V ulici MlÃ½nskÃ¡ se kvÅ¯li opravÃ¡m Dornychu otoÄila jednosmÄ›rka ğŸš—\n#kopemezabrno â†’ https://link.com/12345;1;0;0;0;0;0
21;0;V Urban centru dnes zaÄÃ­nÃ¡ vÃ½stava, kterÃ¡ pÅ™edstavÃ­ to nejlepÅ¡Ã­ z 10. roÄnÃ­ku architektonickÃ© soutÄ›Å¾nÃ­ pÅ™ehlÃ­dky mladÃ½ch zaÄÃ­najÃ­cÃ­ch architektÅ¯ do 33 let na tÃ©ma â€ArchitektonickÃ© dÃ­lo, kterÃ© iniciuje spoleÄenskÃ½ Å¾ivot a rozvoj mÃ­staâ€œ. https://link.com/12345;0;0;0;1;1;0
22;0;DalÅ¡Ã­ zmÄ›na v kÃ¡dru Komety Brno. #hokej https://link.com/12345;0;1;0;0;0;0
23;0;Sledujte Å¾ivÄ› prÃ¡vÄ› probÃ­hajÃ­cÃ­ ÃºplnÃ© zatmÄ›nÃ­ MÄ›sÃ­ce prostÅ™ednictvÃ­m dalekohledÅ¯ @Hvezdarna: https://link.com/12345 DalÅ¡Ã­ bude na Å™adÄ› aÅ¾ v zÃ¡Å™Ã­ 2025! #mÄ›sÃ­c #zatmÄ›nÃ­ https://link.com/12345;0;0;0;0;1;0
24;0;BrnÄ›nskou Kometu posÃ­lÃ­ hokejovÃ½ obrÃ¡nce ZbynÄ›k MichÃ¡lek. HrÃ¡Ä s tÃ©mÄ›Å™ osmi stovkami startÅ¯ v NHL hrÃ¡l naposledy za praÅ¾skou Spartu. DvakrÃ¡t zÃ­skal i medaili na mistrovstvÃ­ svÄ›ta. ExtraligovÃ½ titul mu zatÃ­m chybÃ­. DosÃ¡hne na nÄ›j v KometÄ›? https://link.com/12345;0;1;0;0;0;0
25;0;"21. 01. 2019 11:25 - 21. 01. 2019 13:15 - Brno-Slatina - Brno-jih 201 km - 196 km -&gt; havarovanÃ© vozidlo - Pro poruchu odstavenÃ© NA. - 197 - 197 ,2 km https://link.com/12345";1;0;0;0;0;0
26;0;Jakub Orsava mÃ­Å™Ã­ z MladÃ© Boleslavi do Komety Brno. OpaÄnÃ½m smÄ›rem putuje Radim Zohorna \nhttps://link.com/12345;0;1;0;0;0;0
27;0;Zbrojovka Brno - SK Slovan Bratislava  Tip - 2/2;0;1;0;0;0;0
28;0;[Job] Partner Success Manager | Company: Red Hat, Inc. | Location: Brno JM  Czech Republic | #Brno #Telecommunications #Engineering #Jobs | More info at  https://link.com/12345;0;0;1;0;0;0
29;0;"21. 01. 2019 10:52 - 21. 01. 2019 12:55 - Brno-vÃ½chod - Holubice 203 km - 210 km -&gt; nehoda - 2 x osobnÃ­ - na mÃ­stÄ› HZS, ZZS a PÄŒR https://link.com/12345";1;0;0;0;0;0
30;0;Looking for Software Tester skilled in Linux and Python. You should be also skilled in the networking area (you must know protocols TCP/IP). Workplace: BRNO. We prefer candidates located in the Czech Republic as the job cannot be done remotely. #networkinâ€¦https://link.com/12345;0;0;1;0;0;0
31;0;Ani tuhÃ½ mrÃ¡z zvÄ›davce neodradil. V brnÄ›nskÃ©m planetÃ¡riu sledovali zatmÄ›nÃ­ MÄ›sÃ­ce lidÃ© vÅ¡eho vÄ›ku + FOTO https://link.com/12345 #brno #planetarium #mesic #zatmeni #EclipseLunar2019;0;0;0;0;1;0
32;0;"PrÃ¡vÄ› probÃ­hÃ¡ povolovÃ¡nÃ­ zmÄ›ny dopravnÃ­ho znaÄenÃ­ na kÅ™iÅ¾ovatce TÃ¡borskÃ¡/GajdoÅ¡ova_O.Å evÄÃ­ka. JednÃ¡ se o instalaci tzv. ""zelenÃ© Å¡ipky"" a to ve smÄ›ru TÃ¡borskÃ¡/GajdoÅ¡ova, coÅ¾ by mÄ›lo zvÃ½Å¡it bezpeÄnost a zrychlit prÅ¯jezd. Realizace cca 03-04/2019. ğŸš¦ğŸš—\n#Å¾idenice #brno #doprava https://link.com/12345";1;0;0;0;0;0
33;0;Pracovnice / pracovnÃ­k na pozici odbornÃ©ho vÃ½zkumnÃ©ho pracovnÃ­ka (kategorie #postdoktorand, Ãºvazek 0,1): vÃ½zkum a vÃ½voj matematickÃ½ch modelÅ¯ a optimalizaÄnÃ­ch algoritmÅ¯ pro mikroÅ™asovÃ© biologickÃ© systÃ©my â€“ : https://link.com/12345 #jobs #Brno  #postdoc;0;0;1;0;0;0
34;0;"Na BVV Brno dnes zaÄaly veletrhy Go a Regiontour.\nPÅ™ijÄte si vybrat dovolenou, zÃ­skat tipy na vÃ½lety nebo jen poznat mÃ­sta, kterÃ¡ zatÃ­m neznÃ¡te :)\nA cestou se zastavte na naÅ¡em stÃ¡nku. Spolu s JihomoravskÃ½m krajem jsme pÅ™ipravili zajÃ­mavÃ½ program ;) https://link.com/12345";0;0;0;0;1;0
35;0;Pavilonu B dnes dominuje zelenÃ¡ barva. ğŸŒ² KonÃ¡ se tam totiÅ¾ ZelenÃ¡ burza, na kterÃ© najdete vÃ½pÄ›stky z celÃ© republiky.\n#bvv #brno #zelenaburza https://link.com/12345;0;0;0;0;1;0
36;0;Go a Regiontour, vÃ½stava ledovÃ½ch soch â„ Äi winter run ğŸƒ\u200dâ™‚\nTakovÃ© jsou #vikendovetipy â†’ https://link.com/12345 https://link.com/12345;0;0;0;0;1;0
37;0;"HrozÃ­ riziko nÃ¡mrazy, do ulic vyjely tyto vozy, aby troleje oÅ¡etÅ™ily nemrznoucÃ­ smÄ›sÃ­. Pro novou ""mazaÄku"" je to dnes premiÃ©rovÃ¡ jÃ­zda! https://link.com/12345";1;0;0;0;0;0
38;0;NaÅ¡e vozy prochÃ¡zÃ­ rÅ¯znÃ½mi druhy prohlÃ­dek. Tento byl od listopadu v generÃ¡lnÃ­ prohlÃ­dce a ve formÄ› opÄ›t brÃ¡zdÃ­ ulice mÄ›sta Brna. https://link.com/12345;1;0;0;0;0;0
39;0;Za projekt autobusu pohÃ¡nÄ›nÃ©ho bioplynem z odpadnÃ­ vody jsme zÃ­skali ocenÄ›nÃ­ v soutÄ›Å¾i ChytrÃ¡ mÄ›sta pro budoucnost 2018! #institutcirkularniekonomiky #membrain #brnenskevodarny #dpmbofficial https://link.com/12345;1;0;0;0;0;1
40;0;K tradiÄnÃ­ tÃ½movÃ© vÃ½zvÄ› Do prÃ¡ce na koleğŸšµğŸš´ se mÅ¯Å¾ou cyklistÃ© letos poprvÃ© pÅ™ipojit i v lednu. Na jiÅ¾nÃ­ MoravÄ› se zatÃ­m pÅ™ihlÃ¡silo cca 300 ÃºÄastnÃ­kÅ¯, registrace konÄÃ­ dnes veÄer. SvÃ© trasy budou jednotlivci nebo tÃ½my zaznamenÃ¡vat do konce tÃ½dne. @ibesip #doprava #cyklistika https://link.com/12345;1;0;0;0;0;0
41;0;DobrÃ½ den, tyto autobusy jsou momentÃ¡lnÄ› pro skrytou vadu v reklamaÄnÃ­ Å™Ã­zenÃ­. VÄ›c Å™eÅ¡Ã­me s dodavatelem autobusÅ¯. PÄ›knÃ½ den.;1;0;0;0;0;0
42;0;TemnÃ©, poetickÃ© i grotesknÃ­ vize budoucnosti. ğŸ˜± Na vÅ¡echny tyto pÅ™Ã­stupy se mÅ¯Å¾ete tÄ›Å¡it v inscenaci ÄŒinohra NdB: ZemskÃ½ rÃ¡j to na dohled?! PremiÃ©ra v sobotu 26. ledna, nejbliÅ¾Å¡Ã­ reprÃ­zy 27. a 29. 1. https://link.com/12345;0;0;0;1;1;0
43;0;NovÃ¡ nabÃ­dka:\n-----\nCustomer Success Manager pro Kentico\n(Brno, Full-time)\nğŸŒ https://link.com/12345\n-----\n #startupjobs #prace #job https://link.com/12345;0;0;1;0;0;0
44;0;Visiting our #Brno offices to meeting f2f with all our genius people over here. Red Hat https://link.com/12345;0;0;1;0;0;0
45;0;"K Å˜ E S T\nUÅ¾ pÅ™Ã­Å¡tÃ­ pÃ¡tek: PokÅ™tÃ­me Tafrobovu pÃ¡tou sÃ³lo desku NenÃ­ co ztratit 2, Daniel pokÅ™tÃ­ svoje EP, kterÃ½ mu produkoval DJ Fatte a spoleÄnÄ› pokÅ™tÃ­me desku 1991 od Michajlova.\n&gt;&gt;event: 1.2. NenÃ­ Co Ztratit 2 - Brno | Kabinet MÃšZ\n&gt;&gt;pÅ™edprodej:... https://link.com/12345";0;0;0;1;1;0
46;0;NovÃ¡ nabÃ­dka:\n-----\nSpecialista technickÃ© podpory pro ZONER software, a.s.\n(Brno, Full-time)\nğŸŒ https://link.com/12345\n-----\n #startupjobs #prace #job https://link.com/12345;0;0;1;0;0;0
47;0; ZmiÅˆuji pouze to,o Äem vÃ­m.Tohle je fakt.Centra mÄ›st by mÄ›la bÃ½t obydlena lidmi,nikoli pouze obchody.Tomu je potÅ™eba pÅ™izpÅ¯sobit i cenovou politiku nÃ¡jmÅ¯.A Brno v tom nenÃ­ bohuÅ¾el jedinÃ©.SociÃ¡lnÃ­ byty mÃ¡ v jinÃ½ch lokalitÃ¡ch za 60-80Kc/m.;0;0;0;0;0;1
48;0;Dnes konference Brno Industry 4.0, prvnÃ­m mluvÄÃ­m partner NCP40 Jan Burian z ÄŒR. NCP40 nemÅ¯Å¾e chybÄ›t, tÄ›Å¡Ã­me se na zajÃ­mavÃ¡ setkÃ¡nÃ­ s obchodnÃ­mi partnery a inspiraci. https://link.com/12345;0;0;0;0;1;0
49;0;"[Job] Supplier Quality &amp; Development Engineer : Casting &amp; Machining Commodity | Company: Garrett Advancing Motion | Location: Brno JM  Czech Republic | #Brno #Quality #Engineering #Jobs | More info at  https://link.com/12345";0;0;1;0;0;0
50;0;SOUTÄšÅ½ o  VSTUPENKY!\n\nâ¡ï¸â¡ï¸  na koncert Alexandra Rybaka a fenomenÃ¡lnÃ­ sopranistky Eliny NeschayevovÃ© v brnÄ›nskÃ©m klubu FlÃ©da â¤µï¸ \n\n#soutez #vstupenky #ticketmastercz #fledaklub #brno #rybak https://link.com/12345;0;0;0;1;1;0
51;0;[Job] Quality Engineer - JBoss Web Server | Company: Red Hat, Inc. | Location: Brno JM  Czech Republic | #Brno #Quality #Engineering #Jobs | More info at  https://link.com/12345;0;0;1;0;0;0
52;0;Something nice from Brno â¤ï¸ 29. 12. 2018 a ProdanÃ¡ nevÄ›sta v JanÃ¡ÄkovÄ› divadle #mycity #brno #czechrepublic #prodananevesta #opera #architecture #theatre #janackovodivadlo #czechgirlâ€¦ https://link.com/12345;0;0;0;1;1;0
53;0;Brno chce umoÅ¾nit lidem uzavÃ­rat sÅˆatek v prostorÃ¡ch brnÄ›nskÃ© zoo. Je o to velkÃ½ zÃ¡jem, Å™ekl nÃ¡mÄ›stek primÃ¡torky Petr HladÃ­k. Podle nÄ›j vyjde vytvoÅ™enÃ­ zÃ¡zemÃ­... https://link.com/12345 prostÅ™ednictvÃ­m TÃ½dencz;0;0;0;0;0;1
54;0;"22. 01. 2019 10:09 - 22. 01. 2019 10:45 - Brno-jih - Brno-centrum 196 km - 194 km -&gt; havarovanÃ© vozidlo - neprÅ¯jezdnÃ½ pruh pro zÃ¡chrannÃ¡ vozidla - odstavenÃ© osobnÃ­ https://link.com/12345";1;0;0;0;0;0
55;0;Brno mÃ¡ rekordnÃ­ poÄet speciÃ¡lnÄ› placenÃ½ch politikÅ¯. Å irokÃ¡ koalice ODS, KDU-ÄŒSL, PirÃ¡tÅ¯ a ÄŒSSD si odhlasovala vyÅ¡Å¡Ã­ odmÄ›ny pro deset z jedenÃ¡cti radnÃ­ch a dva Å™adovÃ© zastupitele. MÄ›sto tak bude platit o tÅ™i a pÅ¯l milionu roÄnÄ› vÃ­c neÅ¾ v pÅ™edchozÃ­m obdobÃ­. https://link.com/12345;0;0;0;0;0;1
56;0;[28.03.2019] Å kolenÃ­ Brno : TvÅ¯rÄÃ­m psanÃ­m k rozvoji kreativity - ICT Pro s.r.o. â€“ Kurzyâ€¦ https://link.com/12345;0;0;0;0;1;0
57;0;BarevnÃ¡, nebo ÄernobÃ­lÃ¡? MÃ¡Åˆa, nebo tÅ™eba Carmen? ğŸ¤”ğŸš‹\n\nBrÅˆanÃ© si budou moci navrhnout a pojmenovat novou Å¡alinu @DopravniPodnik.\n\nNÃ¡vrhy podoby je moÅ¾nÃ© posÃ­lat do 28. 2. na email@dopravnipodnik.cz. Po hlasovÃ¡nÃ­ o finÃ¡lnÃ­ podobÄ› pak DPMB plÃ¡nuje stejnÃ½ postup i s vÃ½bÄ›rem nÃ¡zvu. https://link.com/12345;1;0;0;0;0;0
58;0;PracovnÃ­ci BrnÄ›nskÃ½ch komunikaci dnes odstranili citybloky, kterÃ© brÃ¡nily vjezdu k HokejovÃ© hale dÄ›tÃ­ a mlÃ¡deÅ¾e na PonavÄ›.;1;0;0;0;0;0
59;0;ğŸ’§ğŸ TÅ™i krytÃ© kurty na plÃ¡Å¾ovÃ½ volejbal budou moci od sezÃ³ny 2020 vyuÅ¾Ã­vat nÃ¡vÅ¡tÄ›vnÃ­ci RiviÃ©ry ğŸğŸ’§\nDÃ­ky kurtÅ¯m bude v areÃ¡lu zahÃ¡jen celoroÄnÃ­ provoz. Vzniknou i dvÄ› budovy se zÃ¡zemÃ­m â€“ jedna s obÄerstvenÃ­m ğŸŒ­, ve druhÃ© budou Å¡atny a sprchy ğŸš¿. StavÄ›t se zaÄne letos v Å™Ã­jnu. https://link.com/12345;0;1;0;0;0;0
60;0;PrÃ¡vÄ› zaÄala konference 'Jaka je budoucnost metropolitnÃ­ spoluprÃ¡ce v ÄŒR?'. Tu poÅ™Ã¡dÃ¡ mÄ›sto Brno a informace o nÃ­ najdete pod hashtagem #myslimemetropolitne. https://link.com/12345;0;0;0;0;1;1
61;0;PojÄte s nÃ¡mi rozhodnout, jak budou vypadat novÃ© Tramvaje pro Brno. StÃ¡hnÄ›te si Å¡ablonu a dle podmÃ­nek vytvoÅ™te vizuÃ¡lnÃ­ nÃ¡vrh. My vyberme finalisty, vy pak vÃ­tÄ›ze. Podrobnosti a podmÃ­nky na https://link.com/12345 \n@DopravniPodnik https://link.com/12345;1;0;0;0;0;0
62;0;UÅ¾ si nemusÃ­te dÄ›lat vykÅ™iÄnÃ­k do kalendÃ¡Å™e. Pokud jste obÄanem Brna a kupujete si roÄnÃ­ pÅ™edplatnÃ­ jÃ­zdenku, emailem vÃ¡s vÄas upozornÃ­me, aÅ¥ si zaÅ¾Ã¡date o pÅ™Ã­spÄ›vek v rÃ¡mci dotaÄnÃ­ho programu mÄ›sta. UÄinit tak mÅ¯Å¾ete v eshopu BRNO iD. https://link.com/12345;1;0;0;0;0;0
63;0;Situaci stÃ¡le komplikuje padajÃ­cÃ­ snÃ­h, nejvÄ›tÅ¡Ã­ problÃ©my majÃ­ naÅ¡e autobusy a trolejbusy v kopcÃ­ch - ÃštÄ›chov, Kohoutovice, LÃ­Å¡eÅˆ a v dÅ¯sledku dopravnÃ­ch nehod, vzpÅ™Ã­ÄenÃ½ch kamionÅ¯ a podobnÄ›. NejjistÄ›jÅ¡Ã­ doprava po BrnÄ› je aktuÃ¡lnÄ› tramvajovÃ¡. Foto: DolnÃ­ nÃ¡draÅ¾Ã­. https://link.com/12345;1;0;0;0;0;0
64;0;"Doprava je srdeÄnÃ­ zÃ¡leÅ¾itostÃ­ mnohÃ½ch z nÃ¡s. IdeÃ¡lnÃ­ je, pokud i ve vedenÃ­ dopravnÃ­ch podnikÅ¯ stojÃ­ ""srdcaÅ™i"". Dle tohoto ÄlÃ¡nku se tak naÅ¡tÄ›stÃ­ stÃ¡le dÄ›je. https://link.com/12345";1;0;0;0;0;0
65;0;Po ÄtyÅ™ech hodinÃ¡ch opÄ›t jezdÃ­me do HornÃ­ch HerÅ¡pic, kde dopravu zastavil vzpÅ™Ã­ÄenÃ½ kamion. ObnovenÃ¡ je i doprava do ÃštÄ›chova a Bosonoh. VÅ¡echny ÄÃ¡sti mÄ›sta jsou aÄ se zpoÅ¾dÄ›nÃ­m,tak obsluhovanÃ¡. Foto: z okÃ©nka dispeÄerskÃ©ho auta. https://link.com/12345;1;0;0;0;0;0
66;1;"ProstÄ›jovskÃ© volejbalistky jdou dÃ¡l, v souboji Brno - Praha se pokraÄuje ProstÄ›jovskÃ© volejbalistky podruhÃ© za sebou porazily PÅ™erov v pÄ›ti setech a postoupily do semifinÃ¡le extraligy. ObhÃ¡jkynÄ› titulu rozhodly sÃ©rii v pÅ™erovskÃ© hale a na zÃ¡pasy vyhrÃ¡ly 3:1. Jejich pÅ™Ã­Å¡tÃ­m sokem bude Dukla Liberec.\u003cul\u003e\u003cb\u003eDalÅ¡Ã­ ÄlÃ¡nky k tÃ©matu:\u003c/b\u003e\u003cli\u003e\u003ca href=\""https://www.idnes.cz/sport/volejbal/extraliga-volejbalistek-ctvrtfinale-play-off-3-zapasy-olomouc-postup.A190323_183341_volejbal_ten#utm_source=rss\u0026utm_medium=feed\u0026utm_campaign=brnoh\u0026utm_content=related\""\u003ePrvnÃ­ postupy. Volejbalistky Olomouce a Liberce jsou v semifinÃ¡le\u003c/a\u003e\u003c/li\u003e\u003cli\u003e\u003ca href=\""https://www.idnes.cz/sport/volejbal/volejbal-extraliga-zen-2-zapasy.A190320_201124_volejbal_ald#utm_source=rss\u0026utm_medium=feed\u0026utm_campaign=brnoh\u0026utm_content=related\""\u003ePÅ™erov srovnal ÄtvrtfinÃ¡le s ProstÄ›jovem, Olomouc podruhÃ© uspÄ›la\u003c/a\u003e\u003c/li\u003e\u003cli\u003e\u003ca href=\""https://www.idnes.cz/sport/volejbal/extraliga-volejbalistek-ctvrtfinale.A190320_464983_volejbal_ten#utm_source=rss\u0026utm_medium=feed\u0026utm_campaign=brnoh\u0026utm_content=related\""\u003eVolejbalistky Olomouce a ProstÄ›jova zaÄaly play off pÅ™esvÄ›dÄivÄ›\u003c/a\u003e\u003c/li\u003e\u003c/ul\u003e"",""text"":""ProstÄ›jovskÃ© volejbalistky jdou dÃ¡l, v souboji Brno - Praha se pokraÄuje ProstÄ›jovskÃ© volejbalistky podruhÃ© za sebou porazily PÅ™erov v pÄ›ti setech a postoupily do semifinÃ¡le extraligy. ObhÃ¡jkynÄ› titulu rozhodly sÃ©rii v pÅ™erovskÃ© hale a na zÃ¡pasy vyhrÃ¡ly 3:1. Jejich pÅ™Ã­Å¡tÃ­m sokem bude Dukla Liberec.\u003cul\u003e\u003cb\u003eDalÅ¡Ã­ ÄlÃ¡nky k tÃ©matu:\u003c/b\u003e\u003cli\u003e\u003ca href=\""https://www.idnes.cz/sport/volejbal/extraliga-volejbalistek-ctvrtfinale-play-off-3-zapasy-olomouc-postup.A190323_183341_volejbal_ten#utm_source=rss\u0026utm_medium=feed\u0026utm_campaign=brnoh\u0026utm_content=related\""\u003ePrvnÃ­ postupy. Volejbalistky Olomouce a Liberce jsou v semifinÃ¡le\u003c/a\u003e\u003c/li\u003e\u003cli\u003e\u003ca href=\""https://www.idnes.cz/sport/volejbal/volejbal-extraliga-zen-2-zapasy.A190320_201124_volejbal_ald#utm_source=rss\u0026utm_medium=feed\u0026utm_campaign=brnoh\u0026utm_content=related\""\u003ePÅ™erov srovnal ÄtvrtfinÃ¡le s ProstÄ›jovem, Olomouc podruhÃ© uspÄ›la\u003c/a\u003e\u003c/li\u003e\u003cli\u003e\u003ca href=\""https://www.idnes.cz/sport/volejbal/extraliga-volejbalistek-ctvrtfinale.A190320_464983_volejbal_ten#utm_source=rss\u0026utm_medium=feed\u0026utm_campaign=brnoh\u0026utm_content=related\""\u003eVolejbalistky Olomouce a ProstÄ›jova zaÄaly play off pÅ™esvÄ›dÄivÄ›\u003c/a\u003e\u003c/li\u003e\u003c/ul\u003e";0;1;0;0;0;0
67;1;"Å½ivotnÃ­ zÃ¡pas Michaely VackovÃ©. Rozhodla prvnÃ­ brnÄ›nskÃ© semifinÃ¡le Basketbalistky USK Praha zahÃ¡jily semifinÃ¡lovou sÃ©rii s Hradcem KrÃ¡lovÃ© jednoznaÄnÃ½m domÃ¡cÃ­m vÃ­tÄ›zstvÃ­m 109:55. Do brnÄ›nskÃ©ho souboje vykroÄily lÃ©pe Å½abiny, kterÃ© porazily loÅˆskÃ© finalistky z KP Brno 73:61.\u003cul\u003e\u003cb\u003eDalÅ¡Ã­ ÄlÃ¡nky k tÃ©matu:\u003c/b\u003e\u003cli\u003e\u003ca href=\""https://www.idnes.cz/sport/basket/zabiny-ewbl.A190317_180729_sport-basket_ald#utm_source=rss\u0026utm_medium=feed\u0026utm_campaign=brnoh\u0026utm_content=related\""\u003eÅ½abiny skonÄily ÄtvrtÃ© v mezinÃ¡rodnÃ­ EWBL, pÅ™iÅ¡ly o dvÄ› zranÄ›nÃ¡ esa\u003c/a\u003e\u003c/li\u003e\u003cli\u003e\u003ca href=\""https://www.idnes.cz/sport/basket/liga-zen-ctvrtfinale-zabiny-brno-trutnov.A190314_214147_sport-basket_rou#utm_source=rss\u0026utm_medium=feed\u0026utm_campaign=brnoh\u0026utm_content=related\""\u003eBasketbalistky Å½abin jsou po pÄ›ti letech v ligovÃ©m semifinÃ¡le\u003c/a\u003e\u003c/li\u003e\u003cli\u003e\u003ca href=\""https://www.idnes.cz/sport/basket/zenska-basketbalova-liga-trutnov-zabiny-brno-druhy-zapas-ctvrtfinale.A190312_205252_sport-basket_ten#utm_source=rss\u0026utm_medium=feed\u0026utm_campaign=brnoh\u0026utm_content=related\""\u003eÅ½abiny jsou jeden skok od semifinÃ¡le, Trutnov nespasil nÃ¡vrat legendy\u003c/a\u003e\u003c/li\u003e\u003cli\u003e\u003ca href=\""https://www.idnes.cz/sport/basket/liga-zen-semifinale-kp-zabiny-brno.A190327_082603_sport-basket_rou#utm_source=rss\u0026utm_medium=feed\u0026utm_campaign=brnoh\u0026utm_content=related\""\u003eBude to bolet, tuÅ¡Ã­ hrÃ¡Äky pÅ™ed brnÄ›nskÃ½m derby. Hraje se o finÃ¡le\u003c/a\u003e\u003c/li\u003e\u003c/ul\u003e"",""text"":""Å½ivotnÃ­ zÃ¡pas Michaely VackovÃ©. Rozhodla prvnÃ­ brnÄ›nskÃ© semifinÃ¡le Basketbalistky USK Praha zahÃ¡jily semifinÃ¡lovou sÃ©rii s Hradcem KrÃ¡lovÃ© jednoznaÄnÃ½m domÃ¡cÃ­m vÃ­tÄ›zstvÃ­m 109:55. Do brnÄ›nskÃ©ho souboje vykroÄily lÃ©pe Å½abiny, kterÃ© porazily loÅˆskÃ© finalistky z KP Brno 73:61.\u003cul\u003e\u003cb\u003eDalÅ¡Ã­ ÄlÃ¡nky k tÃ©matu:\u003c/b\u003e\u003cli\u003e\u003ca href=\""https://www.idnes.cz/sport/basket/zabiny-ewbl.A190317_180729_sport-basket_ald#utm_source=rss\u0026utm_medium=feed\u0026utm_campaign=brnoh\u0026utm_content=related\""\u003eÅ½abiny skonÄily ÄtvrtÃ© v mezinÃ¡rodnÃ­ EWBL, pÅ™iÅ¡ly o dvÄ› zranÄ›nÃ¡ esa\u003c/a\u003e\u003c/li\u003e\u003cli\u003e\u003ca href=\""https://www.idnes.cz/sport/basket/liga-zen-ctvrtfinale-zabiny-brno-trutnov.A190314_214147_sport-basket_rou#utm_source=rss\u0026utm_medium=feed\u0026utm_campaign=brnoh\u0026utm_content=related\""\u003eBasketbalistky Å½abin jsou po pÄ›ti letech v ligovÃ©m semifinÃ¡le\u003c/a\u003e\u003c/li\u003e\u003cli\u003e\u003ca href=\""https://www.idnes.cz/sport/basket/zenska-basketbalova-liga-trutnov-zabiny-brno-druhy-zapas-ctvrtfinale.A190312_205252_sport-basket_ten#utm_source=rss\u0026utm_medium=feed\u0026utm_campaign=brnoh\u0026utm_content=related\""\u003eÅ½abiny jsou jeden skok od semifinÃ¡le, Trutnov nespasil nÃ¡vrat legendy\u003c/a\u003e\u003c/li\u003e\u003cli\u003e\u003ca href=\""https://www.idnes.cz/sport/basket/liga-zen-semifinale-kp-zabiny-brno.A190327_082603_sport-basket_rou#utm_source=rss\u0026utm_medium=feed\u0026utm_campaign=brnoh\u0026utm_content=related\""\u003eBude to bolet, tuÅ¡Ã­ hrÃ¡Äky pÅ™ed brnÄ›nskÃ½m derby. Hraje se o finÃ¡le\u003c/a\u003e\u003c/li\u003e\u003c/ul\u003e";0;1;0;0;0;0
68;1;"V BrnÄ›-IvanovicÃ­ch odvolali z funkce stÃ­hanÃ©ho mÃ­stostarostu LiÅ¡kutina ZastupitelÃ© mÄ›stskÃ© ÄÃ¡sti Brno-Ivanovice na mimoÅ™Ã¡dnÃ©m zasedÃ¡nÃ­ jednomyslnÄ› odvolali z funkce mÃ­stostarosty Petra LiÅ¡kutina (dÅ™Ã­ve ANO). SÃ¡m nerezignoval. LiÅ¡kutin je s dalÅ¡Ã­mi ÄtyÅ™mi lidmi ve vazbÄ› kvÅ¯li podezÅ™enÃ­ na manipulaci zakÃ¡zek na radnici Brno-stÅ™ed, kde pracoval jako vedoucÃ­ odboru investic.\u003cul\u003e\u003cb\u003eDalÅ¡Ã­ ÄlÃ¡nky k tÃ©matu:\u003c/b\u003e\u003cli\u003e\u003ca href=\""https://www.idnes.cz/zpravy/domaci/svachula-korupce-ano-brno-babis-ve-snemovne.A190314_180720_domaci_kop#utm_source=rss\u0026utm_medium=feed\u0026utm_campaign=brnoh\u0026utm_content=related\""\u003eBrnÄ›nskÃ© politiky Å vachulu a LiÅ¡kutina, kteÅ™Ã­ jsou ve vazbÄ›, ANO vylouÄilo\u003c/a\u003e\u003c/li\u003e\u003cli\u003e\u003ca href=\""https://www.idnes.cz/zpravy/domaci/policie-razie-jaroslav-faltynek-ano-snemovna.A190307_103905_domaci_cern#utm_source=rss\u0026utm_medium=feed\u0026utm_campaign=brnoh\u0026utm_content=related\""\u003eRazie v Kapschi, BrnÄ› a u FaltÃ½nka. MÃ¡ jÃ­t o korupci kvÅ¯li zakÃ¡zce na mÃ½tnÃ©\u003c/a\u003e\u003c/li\u003e\u003c/ul\u003e";0;0;0;0;0;1
69;1;"Bude to bolet, tuÅ¡Ã­ hrÃ¡Äky pÅ™ed brnÄ›nskÃ½m derby. Hraje se o finÃ¡le BrnÄ›nskÃ½ Å¾enskÃ½ basketbal bude mÃ­t po roce opÄ›t svÅ¯j tÃ½m ve finÃ¡le nejvyÅ¡Å¡Ã­ soutÄ›Å¾e. Kdo to bude, o tom rozhodne semifinÃ¡le mezi obhÃ¡jkynÄ›mi ligovÃ©ho stÅ™Ã­bra KP Brno a Å½abinami, druÅ¾stvem na vzestupu. â€PÅ¯jde se nadoraz, bude to bolet. Fyzicky a mentÃ¡lnÄ› to bude nastavenÃ© na maximum,â€œ oÄekÃ¡vÃ¡ Martin PospÃ­Å¡il, trenÃ©r KP Brno.\u003cul\u003e\u003cb\u003eDalÅ¡Ã­ ÄlÃ¡nky k tÃ©matu:\u003c/b\u003e\u003cli\u003e\u003ca href=\""https://www.idnes.cz/sport/basket/liga-zen-ctvrtfinale-zabiny-brno-trutnov.A190314_214147_sport-basket_rou#utm_source=rss\u0026utm_medium=feed\u0026utm_campaign=brnoh\u0026utm_content=related\""\u003eBasketbalistky Å½abin jsou po pÄ›ti letech v ligovÃ©m semifinÃ¡le\u003c/a\u003e\u003c/li\u003e\u003cli\u003e\u003ca href=\""https://www.idnes.cz/sport/basket/basket-liga-zeny-ctvrtfinale-2-zapasy.A190316_214842_sport-basket_ald#utm_source=rss\u0026utm_medium=feed\u0026utm_campaign=brnoh\u0026utm_content=related\""\u003eKP Brno zvrÃ¡tilo ÄtvrtfinÃ¡le na Slavii, Hradec nemÄ›l slitovÃ¡nÃ­ s Nymburkem\u003c/a\u003e\u003c/li\u003e\u003cli\u003e\u003ca href=\""https://www.idnes.cz/sport/basket/zenska-basketbalova-liga-semifinale-usk-praha-hradec-kralove-zabiny-kp-brno.A190327_194407_sport-basket_ten#utm_source=rss\u0026utm_medium=feed\u0026utm_campaign=brnoh\u0026utm_content=related\""\u003eÅ½ivotnÃ­ zÃ¡pas Michaely VackovÃ©. Rozhodla prvnÃ­ brnÄ›nskÃ© semifinÃ¡le\u003c/a\u003e\u003c/li\u003e\u003c/ul\u003e";0;1;0;0;0;0
70;1;"Miliony od podnikatelÅ¯ blÃ­zkÃ½ch Zemanovi Å¡ly na ÃºÄty stÃ­hanÃ©ho Å vachuly Prezident Zeman odmÃ­tl odvolat Å¡Ã©fa antimonopolnÃ­ho ÃºÅ™adu Petra Rafaje. AÄ ho policistÃ© podezÅ™Ã­vajÃ­ z manipulovÃ¡nÃ­ miliardovÃ© zakÃ¡zky na mÃ½to, Zeman tomu nevÄ›Å™Ã­. Miliony od podnikatelÅ¯ blÃ­zkÃ½ch prezidentovi ovÅ¡em pÅ™istÃ¡ly na ÃºÄtech matky JiÅ™Ã­ho Å vachuly, kterÃ½ podle vyÅ¡etÅ™ovatelÅ¯ ohnutÃ­ tendru zprostÅ™edkoval.\u003cul\u003e\u003cb\u003eDalÅ¡Ã­ ÄlÃ¡nky k tÃ©matu:\u003c/b\u003e\u003cli\u003e\u003ca href=\""https://www.idnes.cz/zpravy/domaci/jiri-faltynek-korupcni-kauza-hnuti-ano.A190309_202021_domaci_lva#utm_source=rss\u0026utm_medium=feed\u0026utm_campaign=brnoh\u0026utm_content=related\""\u003eSyn FaltÃ½nka koupil vilu od stÃ­hanÃ©ho. A Brno mu dalo stamilionovÃ© zakÃ¡zky\u003c/a\u003e\u003c/li\u003e\u003cli\u003e\u003ca href=\""https://www.idnes.cz/brno/zpravy/jiri-svachula-uplatky-manipulace-verejne-zakazky-usneseni-statni-zastupitelstvi.A190319_090836_brno-zpravy_krut#utm_source=rss\u0026utm_medium=feed\u0026utm_campaign=brnoh\u0026utm_content=related\""\u003eÅ vachula podle spisu paralyzoval systÃ©m zakÃ¡zek, z ÃºplatkÅ¯ mÄ›l devÄ›t milionÅ¯\u003c/a\u003e\u003c/li\u003e\u003cli\u003e\u003ca href=\""https://www.idnes.cz/zpravy/domaci/snemovna-myto-faltynek-kapsch-antimonopolni-urad.A190314_103024_domaci_kop#utm_source=rss\u0026utm_medium=feed\u0026utm_campaign=brnoh\u0026utm_content=related\""\u003eMÃ©dia ze mÄ› dÄ›lajÃ­ zlodÄ›je, mÄ›l jsem prÃ¡vo s Å¡Ã©fem ÃšOHS jednat, Å™Ã­kÃ¡ FaltÃ½nek\u003c/a\u003e\u003c/li\u003e\u003cli\u003e\u003ca href=\""https://www.idnes.cz/zpravy/domaci/policie-razie-jaroslav-faltynek-ano-snemovna.A190307_103905_domaci_cern#utm_source=rss\u0026utm_medium=feed\u0026utm_campaign=brnoh\u0026utm_content=related\""\u003eRazie v Kapschi, BrnÄ› a u FaltÃ½nka. MÃ¡ jÃ­t o korupci kvÅ¯li zakÃ¡zce na mÃ½tnÃ©\u003c/a\u003e\u003c/li\u003e\u003cli\u003e\u003ca href=\""https://www.idnes.cz/zpravy/domaci/zeman-rozhovor-prezident-gerloch-rafaj-myto-tendr-odvolani-istvan.A190322_152114_domaci_pmk#utm_source=rss\u0026utm_medium=feed\u0026utm_campaign=brnoh\u0026utm_content=related\""\u003eVinu Rafaje ani FaltÃ½nka dosud nedokÃ¡zali, Å™ekl Zeman. NevÄ›Å™Ã­ IÅ¡tvanovi\u003c/a\u003e\u003c/li\u003e\u003c/ul\u003e";0;0;0;0;0;1
71;1;"Firmy napojenÃ© na podnikatele ProchÃ¡zku nesmÃ­ u Bobycentra vybÃ­rat parkovnÃ© Firmy napojenÃ© na podnikatele Libora ProchÃ¡zku nemohou v BrnÄ› brÃ¡nit vjezdu na pozemky mÄ›sta kolem Bobycentra ani vyÅ¾adovat parkovnÃ© nebo tam dÃ¡vat zÃ¡tarasy. Rozhodl o tom MÄ›stskÃ½ soud v BrnÄ›.\u003cul\u003e\u003cb\u003eDalÅ¡Ã­ ÄlÃ¡nky k tÃ©matu:\u003c/b\u003e\u003cli\u003e\u003ca href=\""https://www.idnes.cz/brno/zpravy/zabrany-parkoviste-luzanky-libor-prochazka-odstraneni-brno.A190208_172409_brno-zpravy_krut#utm_source=rss\u0026utm_medium=feed\u0026utm_campaign=brnoh\u0026utm_content=related\""\u003eBrno odvezlo z podnikatelova parkoviÅ¡tÄ› zÃ¡brany, jeho prÃ¡vnÃ­k volal policii\u003c/a\u003e\u003c/li\u003e\u003cli\u003e\u003ca href=\""https://www.idnes.cz/brno/zpravy/poplatky-prujezd-parkoviste-bobycentrum-libor-prochazka-brno.A181228_447545_brno-zpravy_krut#utm_source=rss\u0026utm_medium=feed\u0026utm_campaign=brnoh\u0026utm_content=related\""\u003ePodnikatel se pÅ™e s Brnem, zaÄal vybÃ­rat poplatky za prÅ¯jezd k Bobycentru\u003c/a\u003e\u003c/li\u003e\u003cli\u003e\u003ca href=\""https://www.idnes.cz/brno/zpravy/libor-prochazka-podnikatel-parkovne-pozemky-luzanky-mesto.A181221_153011_brno-zpravy_krut#utm_source=rss\u0026utm_medium=feed\u0026utm_campaign=brnoh\u0026utm_content=related\""\u003ePodnikatel chce vybÃ­rat parkovnÃ© u Sportcentra LuÅ¾Ã¡nky, mÄ›sto je proti\u003c/a\u003e\u003c/li\u003e\u003c/ul\u003e";0;0;0;0;0;1
72;1;"Za poÅ™ezÃ¡nÃ­ tenistky KvitovÃ© dostal obÅ¾alovanÃ½ osm let vÄ›zenÃ­ BrnÄ›nskÃ½ krajskÃ½ soud potrestal obÅ¾alovanÃ©ho Radima Å½ondru za napadenÃ­ tenistky Petry KvitovÃ© osmi lety vÄ›zenÃ­. Ãštok se odehrÃ¡l v prosinci roku 2016 v bytÄ› wimbledonskÃ© Å¡ampionky, kterÃ¡ po nÄ›m mÄ›la oÅ¡klivÄ› poÅ™ezanou levou ruku.\u003cul\u003e\u003cb\u003eDalÅ¡Ã­ ÄlÃ¡nky k tÃ©matu:\u003c/b\u003e\u003cli\u003e\u003ca href=\""https://www.idnes.cz/brno/zpravy/brno-soud-petra-kvitova-svedectvi.A190205_084211_brno-zpravy_krut#utm_source=rss\u0026utm_medium=feed\u0026utm_campaign=brnoh\u0026utm_content=related\""\u003eKdyÅ¾ jsem vidÄ›la krev, zaÄala jsem piÅ¡tÄ›t, popsala KvitovÃ¡ svÃ© napadenÃ­\u003c/a\u003e\u003c/li\u003e\u003cli\u003e\u003ca href=\""https://www.idnes.cz/brno/zpravy/soud-napadeni-petra-kvitova-radim-zondra-obvineni-podjatost.A190206_094327_brno-zpravy_vh#utm_source=rss\u0026utm_medium=feed\u0026utm_campaign=brnoh\u0026utm_content=related\""\u003eV kauze napadenÃ­ KvitovÃ© Å¾Ã¡dÃ¡ obhajoba detektor lÅ¾i. Soud mÃ¡ za podjatÃ½\u003c/a\u003e\u003c/li\u003e\u003cli\u003e\u003ca href=\""https://www.idnes.cz/brno/zpravy/tenistka-petra-kvitova-napadeni-vypoved-soud-brno.A190204_455409_brno-zpravy_mos1#utm_source=rss\u0026utm_medium=feed\u0026utm_campaign=brnoh\u0026utm_content=related\""\u003ePro nÃ¡s je tento pÅ™Ã­pad jeden z mnoha, Å™Ã­kÃ¡ Å¾alobce k napadenÃ­ KvitovÃ©\u003c/a\u003e\u003c/li\u003e\u003c/ul\u003e";0;1;0;0;0;1
73;1;"PÅ™estane se stavÄ›t, protestuje Brno proti plÃ¡nu na rozsÃ¡hlÃ© pamÃ¡tkovÃ© zÃ³ny PamÃ¡tkÃ¡Å™i chtÄ›jÃ­ prosadit dvÄ› ploÅ¡nÃ© ochrannÃ© zÃ³ny v BrnÄ› â€“ pÃ¡s kolem historickÃ©ho centra a ÄÃ¡st KrÃ¡lova Pole. ZastavÃ­ to rozvoj, bouÅ™Ã­ se vedenÃ­ mÄ›sta a vÄ›Å™Ã­, Å¾e najde zastÃ¡nÃ­ u ministra kultury.\u003cul\u003e\u003cb\u003eDalÅ¡Ã­ ÄlÃ¡nky k tÃ©matu:\u003c/b\u003e\u003cli\u003e\u003ca href=\""https://www.idnes.cz/brno/zpravy/pamatky-brno-ministerstvo-kultury-magistrat-soud.A171009_356791_brno-zpravy_dh#utm_source=rss\u0026utm_medium=feed\u0026utm_campaign=brnoh\u0026utm_content=related\""\u003eBrno jde do soudnÃ­ bitvy s ministerstvem. KvÅ¯li stovkÃ¡m pamÃ¡tek\u003c/a\u003e\u003c/li\u003e\u003cli\u003e\u003ca href=\""https://www.idnes.cz/brno/zpravy/rozhovor-zdenek-vacha-narodni-pamatkovy-ustav.A170116_160133_brno-zpravy_mav#utm_source=rss\u0026utm_medium=feed\u0026utm_campaign=brnoh\u0026utm_content=related\""\u003eTisÃ­ce pamÃ¡tek bez ochrany? NÃ¡sledky mohou bÃ½t nedozÃ­rnÃ©, mÃ­nÃ­ pamÃ¡tkÃ¡Å™\u003c/a\u003e\u003c/li\u003e\u003cli\u003e\u003ca href=\""https://www.idnes.cz/brno/zpravy/pamatky-v-brne.A160608_2251964_brno-zpravy_vh#utm_source=rss\u0026utm_medium=feed\u0026utm_campaign=brnoh\u0026utm_content=related\""\u003eÅ okujÃ­cÃ­ rozhodnutÃ­ ministerstva. TÅ™etina pamÃ¡tek v BrnÄ› nejsou pamÃ¡tky\u003c/a\u003e\u003c/li\u003e\u003cli\u003e\u003ca href=\""https://www.idnes.cz/brno/zpravy/katastr-nemovitosti-brno-znacka-pamatkova-pece.A190326_466208_brno-zpravy_krut#utm_source=rss\u0026utm_medium=feed\u0026utm_campaign=brnoh\u0026utm_content=related\""\u003eVlastnÃ­ky nemovitostÃ­ v BrnÄ› vyplaÅ¡ila zÃ¡hadnÃ¡ Å¡ifra, znaÄÃ­ pamÃ¡tkovou pÃ©Äi\u003c/a\u003e\u003c/li\u003e\u003c/ul\u003e";0;0;0;0;0;1
74;1;"Jak se â€topÃ­cÃ­â€œ HruÅ¡ka chytil stÃ©bla ve ÄtvrtfinÃ¡le  play off TrÃ¡pil se, propadl se sestavou. ÄŒtvrtfinÃ¡le centra Komety probudilo. MaximÃ¡lnÄ› vydaÅ™enÃ¡ ÄtvrtfinÃ¡lovÃ¡ sÃ©rie hokejistÅ¯ Komety proti Hradci KrÃ¡lovÃ©, ukonÄenÃ¡ brnÄ›nskÃ½m mistrem ve ÄtyÅ™ech zÃ¡pasech, pÅ™ipomnÄ›la vedle sÃ­ly obhÃ¡jcÅ¯ titulu i fakt, jak dÅ¯leÅ¾itÃ½ je v jejich sestavÄ› stÅ™ednÃ­ ÃºtoÄnÃ­k Jan HruÅ¡ka.\u003cul\u003e\u003cb\u003eDalÅ¡Ã­ ÄlÃ¡nky k tÃ©matu:\u003c/b\u003e\u003cli\u003e\u003ca href=\""https://www.idnes.cz/hokej/extraliga/libor-zabransky-kometa-brno.A190325_071700_hokej_rou#utm_source=rss\u0026utm_medium=feed\u0026utm_campaign=brnoh\u0026utm_content=related\""\u003eKluci jsou neuvÄ›Å™itelnÄ› ctiÅ¾Ã¡dostivÃ­, Å™Ã­kÃ¡ brnÄ›nskÃ½ Å¡Ã©f ZÃ¡branskÃ½\u003c/a\u003e\u003c/li\u003e\u003cli\u003e\u003ca href=\""https://www.idnes.cz/hokej/extraliga/kometa-brno-postup-do-semifinale.A190324_212748_hokej_ten#utm_source=rss\u0026utm_medium=feed\u0026utm_campaign=brnoh\u0026utm_content=related\""\u003eTÃ½m, kterÃ½ se mÄ›nÃ­, ale nechybuje. A hokejovÃ¡ Kometa letÃ­ dÃ¡l\u003c/a\u003e\u003c/li\u003e\u003cli\u003e\u003ca href=\""https://www.idnes.cz/hokej/extraliga/online-souhrn-ctvrte-zapasy-ctvrtfinale-hradec-kralove-kometa-brno-olomouc-plzen-extraliga-hokej.A190323_111935_hokej_zele#utm_source=rss\u0026utm_medium=feed\u0026utm_campaign=brnoh\u0026utm_content=related\""\u003eSuverÃ©nnÃ­ Kometa je v semifinÃ¡le, PlzeÅˆ srovnala sÃ©rii s OlomoucÃ­\u003c/a\u003e\u003c/li\u003e\u003cli\u003e\u003ca href=\""https://www.idnes.cz/hokej/nhl/brno-nhl-zapas-v-praze-fan-tour-hokej.A190322_465459_nhl_ten#utm_source=rss\u0026utm_medium=feed\u0026utm_campaign=brnoh\u0026utm_content=related\""\u003eHokejovÃ¡ show nejen v Praze. TakÃ© Brno zaÅ¾ije na podzim dotek NHL\u003c/a\u003e\u003c/li\u003e\u003cli\u003e\u003ca href=\""https://www.idnes.cz/hokej/extraliga/zbynek-michalek-rozhovor-kometa-hradec-kralove.A190322_465455_hokej_ten#utm_source=rss\u0026utm_medium=feed\u0026utm_campaign=brnoh\u0026utm_content=related\""\u003eHradec mÃ¡ vÃ­c stÅ™el? My dÃ¡vÃ¡me gÃ³ly, usmÃ­vÃ¡ se brnÄ›nskÃ½ MichÃ¡lek\u003c/a\u003e\u003c/li\u003e\u003c/ul\u003e";0;1;0;0;0;0
75;1;"V Zetoru bylo lÃ©pe, stÃ½skajÃ­ si propuÅ¡tÄ›nÃ­ zamÄ›stnanci na novÃ½ch mÃ­stech KdyÅ¾ slavnÃ½ brnÄ›nskÃ½ vÃ½robce traktorÅ¯ Zetor v zimÄ› ohlÃ¡sil, Å¾e kvÅ¯li ÃºsporÃ¡m propustÃ­ stovky lidÃ­, okamÅ¾itÄ› o nÄ› projevila zÃ¡jem Å™ada spoleÄnostÃ­, kterÃ© je samy zaÄaly oslovovat s nabÃ­dkami prÃ¡ce. Podle odborÃ¡Å™Å¯ se ovÅ¡em happy end nekonÃ¡.\u003cul\u003e\u003cb\u003eDalÅ¡Ã­ ÄlÃ¡nky k tÃ©matu:\u003c/b\u003e\u003cli\u003e\u003ca href=\""https://www.idnes.cz/brno/zpravy/zetor-propousteni-zamestnanci-delnici-zajem-firmy-prace-zamestnanost-duchod.A181219_446411_brno-zpravy_krut#utm_source=rss\u0026utm_medium=feed\u0026utm_campaign=brnoh\u0026utm_content=related\""\u003eFirmy majÃ­ zÃ¡jem o lidi propuÅ¡tÄ›nÃ© ze Zetoru, nabÃ­dky uÅ¾ se hrnou\u003c/a\u003e\u003c/li\u003e\u003cli\u003e\u003ca href=\""https://www.idnes.cz/brno/zpravy/vyroci-zetor-brno.A160520_2247617_brno-zpravy_vh#utm_source=rss\u0026utm_medium=feed\u0026utm_campaign=brnoh\u0026utm_content=related\""\u003eJede traktor, je to Zetor. Stroje z Brna brÃ¡zdÃ­ pole uÅ¾ sedmdesÃ¡t let\u003c/a\u003e\u003c/li\u003e\u003cli\u003e\u003ca href=\""https://www.idnes.cz/ekonomika/podniky/zetor-problemy-vyroba-autoprumysl.A181218_101738_ekoakcie_fih#utm_source=rss\u0026utm_medium=feed\u0026utm_campaign=brnoh\u0026utm_content=related\""\u003eZetor mÃ¡ problÃ©my. VÃ½robce traktorÅ¯ propouÅ¡tÃ­ stovky lidÃ­\u003c/a\u003e\u003c/li\u003e\u003c/ul\u003e";0;0;1;0;0;0
76;1;"OhÅˆostroj v BrnÄ› letos odpÃ¡lÃ­ takÃ© FilipÃ­nci, soutÄ›Å¾it budou jen tÅ™i tÃ½my UÅ¾ za dva mÄ›sÃ­ce se mÅ¯Å¾ou lidÃ© v BrnÄ› tÄ›Å¡it na prvnÃ­ ohÅˆostroj z letoÅ¡nÃ­ pÅ™ehlÃ­dky festivalu Ignis Brunensis. V tradiÄnÃ­ soutÄ›Å¾i doplnÃ­ ostÅ™Ã­lenÃ© Portugalce novÃ¡Äci z Norska a dalekÃ½ch FilipÃ­n.\u003cul\u003e\u003cb\u003eDalÅ¡Ã­ ÄlÃ¡nky k tÃ©matu:\u003c/b\u003e\u003cli\u003e\u003ca href=\""https://www.idnes.cz/brno/zpravy/ohnostroj-prehrada-festival-starobrno-ignis-brunensis-brno.A180603_103837_brno-zpravy_pmk#utm_source=rss\u0026utm_medium=feed\u0026utm_campaign=brnoh\u0026utm_content=related\""\u003eOhÅˆostroj v BrnÄ› zahnal bouÅ™ku, na pÅ™ehradÄ› ho vidÄ›lo 180 tisÃ­c lidÃ­\u003c/a\u003e\u003c/li\u003e\u003cli\u003e\u003ca href=\""https://www.idnes.cz/brno/zpravy/ohnostroje-ignis-brunensis-porotce-karel-vagner-brno-brnenska-prehrada.A170610_2331894_brno-zpravy_krut#utm_source=rss\u0026utm_medium=feed\u0026utm_campaign=brnoh\u0026utm_content=related\""\u003eOhÅˆostroje nejsou nic jinÃ©ho neÅ¾ balet na nebi, Å™Ã­kÃ¡ porotce VÃ¡gner\u003c/a\u003e\u003c/li\u003e\u003cli\u003e\u003ca href=\""https://www.idnes.cz/brno/zpravy/ohnostroje-v-brne.A160603_155722_brno-zpravy_vh#utm_source=rss\u0026utm_medium=feed\u0026utm_campaign=brnoh\u0026utm_content=related\""\u003eFamÃ³znÃ­ ohÅˆostroje zÃ¡Å™ily nad Brnem uÅ¾ v 17. stoletÃ­, nÄ›kdy i hoÅ™elo\u003c/a\u003e\u003c/li\u003e\u003c/ul\u003e"",""text"":""OhÅˆostroj v BrnÄ› letos odpÃ¡lÃ­ takÃ© FilipÃ­nci, soutÄ›Å¾it budou jen tÅ™i tÃ½my UÅ¾ za dva mÄ›sÃ­ce se mÅ¯Å¾ou lidÃ© v BrnÄ› tÄ›Å¡it na prvnÃ­ ohÅˆostroj z letoÅ¡nÃ­ pÅ™ehlÃ­dky festivalu Ignis Brunensis. V tradiÄnÃ­ soutÄ›Å¾i doplnÃ­ ostÅ™Ã­lenÃ© Portugalce novÃ¡Äci z Norska a dalekÃ½ch FilipÃ­n.\u003cul\u003e\u003cb\u003eDalÅ¡Ã­ ÄlÃ¡nky k tÃ©matu:\u003c/b\u003e\u003cli\u003e\u003ca href=\""https://www.idnes.cz/brno/zpravy/ohnostroj-prehrada-festival-starobrno-ignis-brunensis-brno.A180603_103837_brno-zpravy_pmk#utm_source=rss\u0026utm_medium=feed\u0026utm_campaign=brnoh\u0026utm_content=related\""\u003eOhÅˆostroj v BrnÄ› zahnal bouÅ™ku, na pÅ™ehradÄ› ho vidÄ›lo 180 tisÃ­c lidÃ­\u003c/a\u003e\u003c/li\u003e\u003cli\u003e\u003ca href=\""https://www.idnes.cz/brno/zpravy/ohnostroje-ignis-brunensis-porotce-karel-vagner-brno-brnenska-prehrada.A170610_2331894_brno-zpravy_krut#utm_source=rss\u0026utm_medium=feed\u0026utm_campaign=brnoh\u0026utm_content=related\""\u003eOhÅˆostroje nejsou nic jinÃ©ho neÅ¾ balet na nebi, Å™Ã­kÃ¡ porotce VÃ¡gner\u003c/a\u003e\u003c/li\u003e\u003cli\u003e\u003ca href=\""https://www.idnes.cz/brno/zpravy/ohnostroje-v-brne.A160603_155722_brno-zpravy_vh#utm_source=rss\u0026utm_medium=feed\u0026utm_campaign=brnoh\u0026utm_content=related\""\u003eFamÃ³znÃ­ ohÅˆostroje zÃ¡Å™ily nad Brnem uÅ¾ v 17. stoletÃ­, nÄ›kdy i hoÅ™elo\u003c/a\u003e\u003c/li\u003e\u003c/ul\u003e";0;0;0;0;1;0
77;1;"TÃ½m, kterÃ½ se mÄ›nÃ­, ale nechybuje. A hokejovÃ¡ Kometa letÃ­ dÃ¡l ZatÃ­mco jeho extraligovÃ­ konkurenti jeÅ¡tÄ› musÃ­ vÃ¡lÄit o postup do semifinÃ¡le, Libor ZÃ¡branskÃ½ v pondÄ›lÃ­ se svÃ½mi tÅ™emi psy vyrÃ¡Å¾Ã­ na prochÃ¡zku po PÃ¡lavÄ›. Pohodu si majitel a kouÄ Komety mÅ¯Å¾e uÅ¾Ã­t, neboÅ¥ jeho hokejovÃ¡ smeÄka i po dvou titulech zÅ¯stÃ¡vÃ¡ dÃ¡l v play off hladovÃ¡, soustÅ™edÄ›nÃ¡ a suverÃ©nnÃ­.\u003cul\u003e\u003cb\u003eDalÅ¡Ã­ ÄlÃ¡nky k tÃ©matu:\u003c/b\u003e\u003cli\u003e\u003ca href=\""https://www.idnes.cz/hokej/extraliga/radek-smolenak-hradec-kralove-kometa-brno-ctvrtfinale-rozhovor.A190323_235852_hokej_ten#utm_source=rss\u0026utm_medium=feed\u0026utm_campaign=brnoh\u0026utm_content=related\""\u003eNenÃ­ to Real Madrid, ale klobouk dolÅ¯ pÅ™ed nimi, Å™ekl SmoleÅˆÃ¡k o KometÄ›\u003c/a\u003e\u003c/li\u003e\u003cli\u003e\u003ca href=\""https://www.idnes.cz/hokej/extraliga/play-off-extraliga-hradec-kometa-martin-zatovic-mountfield-hattrick.A190323_223807_hokej_daj#utm_source=rss\u0026utm_medium=feed\u0026utm_campaign=brnoh\u0026utm_content=related\""\u003eZÃ¡branskÃ½ to uhrÃ¡l v zÃ¡kulisÃ­, zavÅ™eli nÃ¡m jen Erata, vtipkoval ZaÅ¥oviÄ\u003c/a\u003e\u003c/li\u003e\u003cli\u003e\u003ca href=\""https://www.idnes.cz/hokej/extraliga/online-souhrn-ctvrte-zapasy-ctvrtfinale-hradec-kralove-kometa-brno-olomouc-plzen-extraliga-hokej.A190323_111935_hokej_zele#utm_source=rss\u0026utm_medium=feed\u0026utm_campaign=brnoh\u0026utm_content=related\""\u003eSuverÃ©nnÃ­ Kometa je v semifinÃ¡le, PlzeÅˆ srovnala sÃ©rii s OlomoucÃ­\u003c/a\u003e\u003c/li\u003e\u003cli\u003e\u003ca href=\""https://www.idnes.cz/hokej/extraliga/hokej-kometa-peter-mueller.A190322_223014_hokej_cig#utm_source=rss\u0026utm_medium=feed\u0026utm_campaign=brnoh\u0026utm_content=related\""\u003eZavÅ™ete se pÅ™ed svÄ›tem a jedete, popsal Mueller vÃ­tÄ›znou penaltu\u003c/a\u003e\u003c/li\u003e\u003cli\u003e\u003ca href=\""https://www.idnes.cz/hokej/extraliga/jan-hruska-kometa-brno.A190326_466218_hokej_rou#utm_source=rss\u0026utm_medium=feed\u0026utm_campaign=brnoh\u0026utm_content=related\""\u003eJak se â€topÃ­cÃ­â€œ HruÅ¡ka chytil stÃ©bla ve ÄtvrtfinÃ¡le  play off\u003c/a\u003e\u003c/li\u003e\u003c/ul\u003e";0;1;0;0;0;0
78;1;"Kluci jsou neuvÄ›Å™itelnÄ› ctiÅ¾Ã¡dostivÃ­, Å™Ã­kÃ¡ brnÄ›nskÃ½ Å¡Ã©f ZÃ¡branskÃ½ Znovu to dokÃ¡zal. PoÅ¡estÃ© Kometa pod jeho vedenÃ­m hrÃ¡la extraligovÃ© ÄtvrtfinÃ¡le a poÅ¡estÃ© z nÄ›j proÅ¡la dÃ¡l â€“ potÅ™etÃ­ za sebou bez jedinÃ©ho zavÃ¡hÃ¡nÃ­. â€To se nikdy neomrzÃ­,â€œ ujiÅ¡Å¥uje Å¡Ã©f brnÄ›nskÃ©ho hokejovÃ©ho kolosu Libor ZÃ¡branskÃ½. â€Pro ten pocit zadostiuÄinÄ›nÃ­ hokej dÄ›lÃ¡me. Jak to kluci odmakali a dodrÅ¾ovali taktiku, jak celÃ½ realizaÄnÃ­ tÃ½m fungoval... To se ani nedÃ¡ popsat,â€œ rozplÃ½val se.\u003cul\u003e\u003cb\u003eDalÅ¡Ã­ ÄlÃ¡nky k tÃ©matu:\u003c/b\u003e\u003cli\u003e\u003ca href=\""https://www.idnes.cz/hokej/extraliga/play-off-extraliga-hradec-kometa-martin-zatovic-mountfield-hattrick.A190323_223807_hokej_daj#utm_source=rss\u0026utm_medium=feed\u0026utm_campaign=brnoh\u0026utm_content=related\""\u003eZÃ¡branskÃ½ to uhrÃ¡l v zÃ¡kulisÃ­, zavÅ™eli nÃ¡m jen Erata, vtipkoval ZaÅ¥oviÄ\u003c/a\u003e\u003c/li\u003e\u003cli\u003e\u003ca href=\""https://www.idnes.cz/hokej/extraliga/online-souhrn-ctvrte-zapasy-ctvrtfinale-hradec-kralove-kometa-brno-olomouc-plzen-extraliga-hokej.A190323_111935_hokej_zele#utm_source=rss\u0026utm_medium=feed\u0026utm_campaign=brnoh\u0026utm_content=related\""\u003eSuverÃ©nnÃ­ Kometa je v semifinÃ¡le, PlzeÅˆ srovnala sÃ©rii s OlomoucÃ­\u003c/a\u003e\u003c/li\u003e\u003cli\u003e\u003ca href=\""https://www.idnes.cz/hokej/extraliga/daniel-rakos-hradec-kralove-martin-erat-kometa-brno-faul-trest-jeden-zapas-stop-hokej.A190323_140634_hokej_tof#utm_source=rss\u0026utm_medium=feed\u0026utm_campaign=brnoh\u0026utm_content=related\""\u003eErat kvÅ¯li faulu na RÃ¡kose vynechÃ¡ sobotnÃ­ ÄtvrtfinÃ¡lovÃ½ duel\u003c/a\u003e\u003c/li\u003e\u003cli\u003e\u003ca href=\""https://www.idnes.cz/hokej/extraliga/jan-hruska-kometa-brno.A190326_466218_hokej_rou#utm_source=rss\u0026utm_medium=feed\u0026utm_campaign=brnoh\u0026utm_content=related\""\u003eJak se â€topÃ­cÃ­â€œ HruÅ¡ka chytil stÃ©bla ve ÄtvrtfinÃ¡le  play off\u003c/a\u003e\u003c/li\u003e\u003c/ul\u003e";0;1;0;0;0;0
79;1;"Ve SvitÃ¡vce odmÃ­tli poskytnout bydlenÃ­ pro postiÅ¾enÃ©, teÄ se za to stydÃ­ JihomoravskÃ½ kraj chtÄ›l ve SvitÃ¡vce letos zaÄÃ­t budovat chrÃ¡nÄ›nÃ© bydlenÃ­ pro dvanÃ¡ct mentÃ¡lnÄ› postiÅ¾enÃ½ch lidÃ­. KvÅ¯li odporu mÃ­stnÃ­ch vÅ¡ak nevznikne. V reakci na to uÅ¾ pÅ™ichÃ¡zÃ­ na kraj nabÃ­dky jinÃ½ch mÃ­st.\n\u003cul\u003e\u003cb\u003eDalÅ¡Ã­ ÄlÃ¡nky k tÃ©matu:\u003c/b\u003e\u003cli\u003e\u003ca href=\""https://www.idnes.cz/brno/zpravy/paralympionik-v-brne-ma-vlastni-bydleni.A131213_2011565_brno-zpravy_lva#utm_source=rss\u0026utm_medium=feed\u0026utm_campaign=brnoh\u0026utm_content=related\""\u003eMÅ¯Å¾u si Å¾Ã­t svÅ¯j Å¾ivot, chvÃ¡lÃ­ si paralympionik v BrnÄ› vlastnÃ­ bydlenÃ­\u003c/a\u003e\u003c/li\u003e\u003cli\u003e\u003ca href=\""https://www.idnes.cz/brno/zpravy/kocianka-brno-sto-let-ustav-postizeni-historie.A190202_455179_brno-zpravy_krut#utm_source=rss\u0026utm_medium=feed\u0026utm_campaign=brnoh\u0026utm_content=related\""\u003eSto let KociÃ¡nky. Z postiÅ¾enÃ½ch dÄ›tÃ­ byli statkÃ¡Å™i i teoretiÄtÃ­ hasiÄi\u003c/a\u003e\u003c/li\u003e\u003cli\u003e\u003ca href=\""https://www.idnes.cz/brno/zpravy/penize-socialni-sluzby-charity-jihomoravsky-kraj.A171109_363445_brno-zpravy_vh#utm_source=rss\u0026utm_medium=feed\u0026utm_campaign=brnoh\u0026utm_content=related\""\u003eVzbouÅ™enÃ­ charit pomohlo. Kraj rozdÄ›lÃ­ penÃ­ze vÅ¡em, Å¡Ã©fÅ¯m se ulevilo\u003c/a\u003e\u003c/li\u003e\u003c/ul\u003e";0;0;0;0;0;1
80;1;"PÅ™i srÃ¡Å¾ce dvou aut se zranili ÄtyÅ™i lidÃ©, jednoho museli vyprostit K dopravnÃ­ nehodÄ› dvou aut vyjÃ­Å¾dÄ›li jihomoravÅ¡tÃ­ hasiÄi v sobotu veÄer. PÅ™i srÃ¡Å¾ce u MoravskÃ© NovÃ© Vsi se zranili ÄtyÅ™i lidÃ©, jednoho museli vyproÅ¡Å¥ovat.\u003cul\u003e\u003cb\u003eDalÅ¡Ã­ ÄlÃ¡nky k tÃ©matu:\u003c/b\u003e\u003cli\u003e\u003ca href=\""https://www.idnes.cz/brno/zpravy/nehoda-d1-dalnice-motorka.A190323_113455_brno-zpravy_abr#utm_source=rss\u0026utm_medium=feed\u0026utm_campaign=brnoh\u0026utm_content=related\""\u003eNehoda uzavÅ™ela dÃ¡lnici D1 u Brna, kolona mÄ›Å™ila ÄtyÅ™i kilometry\u003c/a\u003e\u003c/li\u003e\u003cli\u003e\u003ca href=\""https://www.idnes.cz/karlovy-vary/zpravy/hazlov-nehoda-smrt-dite.A190316_164027_vary-zpravy_bse#utm_source=rss\u0026utm_medium=feed\u0026utm_campaign=brnoh\u0026utm_content=related\""\u003eNa Chebsku pÅ™i nehodÄ› dvou aut zemÅ™elo dÃ­tÄ›. Pro zranÄ›nÃ© letÄ›l vrtulnÃ­k\u003c/a\u003e\u003c/li\u003e\u003cli\u003e\u003ca href=\""https://www.idnes.cz/ostrava/zpravy/nehoda-smrt-strom-zachranari-policie.A190314_092512_ostrava-zpravy_jaga#utm_source=rss\u0026utm_medium=feed\u0026utm_campaign=brnoh\u0026utm_content=related\""\u003eNÃ¡raz do stromu auto obtoÄil kolem, Å™idiÄ nehodu nepÅ™eÅ¾il\u003c/a\u003e\u003c/li\u003e\u003cli\u003e\u003ca href=\""https://www.idnes.cz/brno/zpravy/dalnice-d1-nehoda-181-kilometr-kyvalka-na-prahu-provoz-zastaven.A190313_124325_brno-zpravy_klu#utm_source=rss\u0026utm_medium=feed\u0026utm_campaign=brnoh\u0026utm_content=related\""\u003ePo nehodÄ› na D1 u Brna hoÅ™el nÃ¡kladnÃ­ vÅ¯z, cestu na Prahu brzdila kolona\u003c/a\u003e\u003c/li\u003e\u003c/ul\u003e";1;0;0;0;0;0
81;1;"NenÃ­ to Real Madrid, ale klobouk dolÅ¯ pÅ™ed nimi, Å™ekl SmoleÅˆÃ¡k o KometÄ› Na zaÄÃ¡tku sÃ©rie si do brnÄ›nskÃ© Komety s gustem rÃ½pnul, jenÅ¾e na ledÄ› jÃ­ Radek SmoleÅˆÃ¡k se svÃ½m tÃ½mem vzdorovat nedokÃ¡zal. Hradec KrÃ¡lovÃ© pÅ™ed Å¡ampionem ve ÄtvrtfinÃ¡le hokejovÃ© extraligy kapituloval 0:4 na zÃ¡pasy.\u003cul\u003e\u003cb\u003eDalÅ¡Ã­ ÄlÃ¡nky k tÃ©matu:\u003c/b\u003e\u003cli\u003e\u003ca href=\""https://www.idnes.cz/hokej/extraliga/play-off-extraliga-hradec-kometa-martin-zatovic-mountfield-hattrick.A190323_223807_hokej_daj#utm_source=rss\u0026utm_medium=feed\u0026utm_campaign=brnoh\u0026utm_content=related\""\u003eZÃ¡branskÃ½ to uhrÃ¡l v zÃ¡kulisÃ­, zavÅ™eli nÃ¡m jen Erata, vtipkoval ZaÅ¥oviÄ\u003c/a\u003e\u003c/li\u003e\u003cli\u003e\u003ca href=\""https://www.idnes.cz/hokej/extraliga/online-souhrn-ctvrte-zapasy-ctvrtfinale-hradec-kralove-kometa-brno-olomouc-plzen-extraliga-hokej.A190323_111935_hokej_zele#utm_source=rss\u0026utm_medium=feed\u0026utm_campaign=brnoh\u0026utm_content=related\""\u003eSuverÃ©nnÃ­ Kometa je v semifinÃ¡le, PlzeÅˆ srovnala sÃ©rii s OlomoucÃ­\u003c/a\u003e\u003c/li\u003e\u003cli\u003e\u003ca href=\""https://www.idnes.cz/hokej/extraliga/daniel-rakos-hradec-kralove-martin-erat-kometa-brno-faul-trest-jeden-zapas-stop-hokej.A190323_140634_hokej_tof#utm_source=rss\u0026utm_medium=feed\u0026utm_campaign=brnoh\u0026utm_content=related\""\u003eErat kvÅ¯li faulu na RÃ¡kose vynechÃ¡ sobotnÃ­ ÄtvrtfinÃ¡lovÃ½ duel\u003c/a\u003e\u003c/li\u003e\u003cli\u003e\u003ca href=\""https://www.idnes.cz/hokej/extraliga/radek-smolenak-hradec-kralove-kometa.A190322_465456_hokej_ten#utm_source=rss\u0026utm_medium=feed\u0026utm_campaign=brnoh\u0026utm_content=related\""\u003eSolÃ­me SmoleÅˆÃ¡kovÃ½mi slzami, hecujÃ­ sÃ©rii fanouÅ¡ci Komety\u003c/a\u003e\u003c/li\u003e\u003cli\u003e\u003ca href=\""https://www.idnes.cz/hokej/extraliga/hokej-smolenak-erat-ctvrtfinale-kometa-hradec-zabransky.A190318_215134_hokej_cig#utm_source=rss\u0026utm_medium=feed\u0026utm_campaign=brnoh\u0026utm_content=related\""\u003eÅ½e Erat hrÃ¡l? Pan ZÃ¡branskÃ½ si to zkuÅ¡enÄ› pohlÃ­dal, Å™ekl SmoleÅˆÃ¡k\u003c/a\u003e\u003c/li\u003e\u003cli\u003e\u003ca href=\""https://www.idnes.cz/hokej/extraliga/kometa-brno-postup-do-semifinale.A190324_212748_hokej_ten#utm_source=rss\u0026utm_medium=feed\u0026utm_campaign=brnoh\u0026utm_content=related\""\u003eTÃ½m, kterÃ½ se mÄ›nÃ­, ale nechybuje. A hokejovÃ¡ Kometa letÃ­ dÃ¡l\u003c/a\u003e\u003c/li\u003e\u003c/ul\u003e";0;1;0;0;0;0
82;1;"Tip DenÃ­ku: Cestovatel povyprÃ¡vÃ­ o cestÄ› autem do Mongolska Brno - PÄ›t lidÃ­ cestovalo ve starÃ©m sovÄ›tskÃ©m autÄ›. Projelo pÅ™es pÄ›t vrcholÅ¯, dva kontinenty a osmnÃ¡ct tisÃ­c kilometrÅ¯ aÅ¾ do Mongolska. O ÃºskalÃ­ch i zÃ¡Å¾itcÃ­ch z nevÅ¡ednÃ­ cesty povyprÃ¡vÃ­ ve Ätvrtek ÃºÄastnÃ­k zÃ¡jezdu a prÅ¯vodce Adam Stejskal."",""text"":""Tip DenÃ­ku: Cestovatel povyprÃ¡vÃ­ o cestÄ› autem do Mongolska Brno - PÄ›t lidÃ­ cestovalo ve starÃ©m sovÄ›tskÃ©m autÄ›. Projelo pÅ™es pÄ›t vrcholÅ¯, dva kontinenty a osmnÃ¡ct tisÃ­c kilometrÅ¯ aÅ¾ do Mongolska. O ÃºskalÃ­ch i zÃ¡Å¾itcÃ­ch z nevÅ¡ednÃ­ cesty povyprÃ¡vÃ­ ve Ätvrtek ÃºÄastnÃ­k zÃ¡jezdu a prÅ¯vodce Adam Stejskal.";0;0;0;0;1;0
83;1;"Billboardy v BrnÄ› lemujÃ­ silnice naÄerno Brno /ANKETA/ â€“ LemujÃ­ hlavnÃ­ silnice Brna, lÃ¡kajÃ­ lidi na ÃºsmÄ›v i slevy. Mnoho billboardÅ¯ vÅ¡ak stojÃ­ na ÃºzemÃ­ mÄ›sta nelegÃ¡lnÄ›. Mezi nimi je i reklama v JihlavskÃ© ulici u FakultnÃ­ nemocnice Brno v BohunicÃ­ch. Upozornil na ni politik Michal ZÃ¡vodskÃ½. DopÃ¡trat se tÄ›ch, kteÅ™Ã­ nelegÃ¡lnÃ­ reklamu umÃ­sÅ¥ujÃ­, je pÅ™itom takÅ™ka nemoÅ¾nÃ©."",""text"":""Billboardy v BrnÄ› lemujÃ­ silnice naÄerno Brno /ANKETA/ â€“ LemujÃ­ hlavnÃ­ silnice Brna, lÃ¡kajÃ­ lidi na ÃºsmÄ›v i slevy. Mnoho billboardÅ¯ vÅ¡ak stojÃ­ na ÃºzemÃ­ mÄ›sta nelegÃ¡lnÄ›. Mezi nimi je i reklama v JihlavskÃ© ulici u FakultnÃ­ nemocnice Brno v BohunicÃ­ch. Upozornil na ni politik Michal ZÃ¡vodskÃ½. DopÃ¡trat se tÄ›ch, kteÅ™Ã­ nelegÃ¡lnÃ­ reklamu umÃ­sÅ¥ujÃ­, je pÅ™itom takÅ™ka nemoÅ¾nÃ©.";1;0;0;0;0;1
84;1;"Å˜idiÄ nezvlÃ¡dl Å™Ã­zenÃ­ a narazil do domu Oslavany â€“ Do rodinnÃ©ho domu v Oslavanech narazil ve stÅ™edu veÄer Å™idiÄ osobnÃ­ho auta. â€NezvlÃ¡dl Å™Ã­zenÃ­ a najel do budovy. Zda byl opilÃ½, nevÃ­me. OdmÃ­tl totiÅ¾ dechovou zkouÅ¡ku. HrozÃ­ mu tak pokuta aÅ¾ padesÃ¡t tisÃ­c korun,â€œ informovala policejnÃ­ mluvÄÃ­ Alice MusilovÃ¡."",""text"":""Å˜idiÄ nezvlÃ¡dl Å™Ã­zenÃ­ a narazil do domu Oslavany â€“ Do rodinnÃ©ho domu v Oslavanech narazil ve stÅ™edu veÄer Å™idiÄ osobnÃ­ho auta. â€NezvlÃ¡dl Å™Ã­zenÃ­ a najel do budovy. Zda byl opilÃ½, nevÃ­me. OdmÃ­tl totiÅ¾ dechovou zkouÅ¡ku. HrozÃ­ mu tak pokuta aÅ¾ padesÃ¡t tisÃ­c korun,â€œ informovala policejnÃ­ mluvÄÃ­ Alice MusilovÃ¡.";1;0;0;0;0;0
85;1;LiÅ¡kutin uÅ¾ nenÃ­ mÃ­stostarosta. ZastupitelÃ© ho odvolali Brno â€“ OdvolÃ¡nÃ­ Petra LiÅ¡kutina z postu mÃ­stostarosty odsouhlasilo zastupitelstvo brnÄ›nskÃ½ch Ivanovic. â€Shodli jsme se jednomyslnÄ›. NovÃ©ho mÃ­stostarostu nezvolÃ­me. Budeme mÃ­t o jednoho mÃ©nÄ›,â€œ uvedla starostka mÄ›stskÃ© ÄÃ¡sti Jana BohuÅˆovskÃ¡.;0;0;0;0;0;1
86;1;SrÃ¡Å¾ka mikrobusu a nÃ¡kladnÃ­ho auta: D1 ve smÄ›ru na Prahu stÃ¡la Å˜Ã­Äky â€“ Mikrobus se srazil ve stÅ™edu kolem pÅ¯l jedenÃ¡ctÃ© dopoledne s nÃ¡kladnÃ­m autem na dÃ¡lnici D1 ve smÄ›ru na Prahu u Å˜Ã­Äek na BrnÄ›nsku. Dva lidÃ© se pÅ™i nehodÄ› zranili. V Mikrobusu se nachÃ¡zelo osm cestujÃ­cÃ­ch.;1;0;0;0;0;0
87;1;BystrÄÃ¡ky rozhÃ¡dala zahrÃ¡dka u baru Kotelna. NÄ›kterÃ½m vadÃ­ hluk Brno â€“ Vychutnat si v letnÃ­ch dnech pivo na zahrÃ¡dce, nebo si uÅ¾Ã­t veÄernÃ­ho klidu bez hluku lidÃ­ z hospody. Sporem mÃ­stnÃ­ch kvÅ¯li baru Kotelna se museli zabÃ½vat politici v brnÄ›nskÃ© Bystrci. Jeho zahrÃ¡dku bÄ›hem nÄ›kolika mÄ›sÃ­cÅ¯ zakÃ¡zali i povolili.;0;0;0;0;0;1
88;1;PÅ™edbÄ›Å¾nÃ© rozhodnutÃ­ soudu: Konec placenÃ©ho parkovÃ¡nÃ­ u Boby nebo hokejovÃ½ch hal Brno â€“ Na PonavÄ› Å™idiÄi mohou parkovat zadarmo. VyplÃ½vÃ¡ to z pÅ™edbÄ›Å¾nÃ©ho opatÅ™enÃ­ vydanÃ© soudem, podle nÄ›hoÅ¾ tam nesmÃ­ podnikatel Libor ProchÃ¡zka, ani firmy s nÃ­m souvisejÃ­cÃ­, vybÃ­rat parkovnÃ© nebo brÃ¡nit autÅ¯m v parkovÃ¡nÃ­.;1;1;0;0;0;1
89;1;VladimÃ­r DlouhÃ½: TvrdÃ¡ prÃ¡ce pÅ™inesla hmatatelnÃ© vÃ½sledky ÄŒeskÃ¡ ekonomika patÅ™Ã­ v souÄasnosti k hospodÃ¡Å™sky nejrychleji rostoucÃ­m zemÃ­m Evropy. MÃ¡ nÃ­zkou nezamÄ›stnanost i stÃ¡tnÃ­ dluh, silnÃ½ prÅ¯mysl i kvalifikovanou pracovnÃ­ sÃ­lu.;0;0;1;0;0;0
90;1;MÃ¡lem jsem se upracoval kÂ smrti. LÃ©kaÅ™i mi dÃ¡vali jedno procento na pÅ™eÅ¾itÃ­ Work-life balance je absolutnÄ› dÅ¯leÅ¾itÃ½, Å™Ã­kÃ¡ muÅ¾, kterÃ½ strÃ¡vil dva mÄ›sÃ­ce v kÃ³matu.;0;0;1;0;0;0
91;1;RegioJet omezÃ­ spojenÃ­ do PlznÄ›, pÅ™idÃ¡ ale autobusy mezi Prahou a Brnem PoprvÃ© po dvou letech pÅ™idÃ¡ spoleÄnost RegioJet dalÅ¡Ã­ spoje na svÃ© hlavnÃ­ autobusovÃ© trase mezi Prahou a Brnem, na kterÃ© se dlouhodobÄ› snaÅ¾Ã­ pÅ™esunout lidi spÃ­Å¡e do svÃ½ch vlakÅ¯. Informoval o tom server Zdopravy.cz.;1;0;0;0;0;0
92;1;Kraj chce koupit ÄÃ¡st TechnologickÃ©ho parku. Za pÅ¯l miliardy JiÅ¾nÃ­ Morava â€“ Za vÃ­ce neÅ¾ pÅ¯l miliardy korun chtÄ›jÃ­ zÃ¡stupci JihomoravskÃ©ho kraje odkoupit ÄÃ¡st brnÄ›nskÃ©ho TechnologickÃ©ho parku. ZÃ¡mÄ›r ve stÅ™edu BrnÄ›nskÃ©mu denÃ­ku Rovnost potvrdil nÃ¡mÄ›stek krajskÃ©ho hejtmana Jan Vitula.;0;0;0;0;0;1
93;1;ZmÄ›na. V Zetoru nakonec skonÄÃ­ jen 170 zamÄ›stnancÅ¯ Brno â€“ PersonÃ¡lnÃ­ Å¡krty nakonec v brnÄ›nskÃ© firmÄ› Zetor nebudou tak bolestnÃ©, jak pÅ™edstavitelÃ© tradiÄnÃ­ho vÃ½robce traktorÅ¯ pÅ™edpoklÃ¡dali. O prÃ¡ci mÄ›lo pÅ¯vodnÄ› pÅ™ijÃ­t 260 lidÃ­. â€Po vyhodnocenÃ­ vÅ¡ech nÃ¡kladovÃ½ch Ãºspor Zetor propustÃ­ nanejvÃ½Å¡ 170 zamÄ›stnancÅ¯, coÅ¾ je o tÅ™etinu mÃ©nÄ›,â€œ sdÄ›lil vÃ½konnÃ½ Å™editel firmy MariÃ¡n LipovskÃ½.;0;0;1;0;0;0
94;1;KvasinskÃ¡ revoluce. Å koda tlaÄÃ­ platy nahoru, tÄ›Å¾ko jÃ­ konkurujÃ­ i horskÃ© chaty /PÅ˜ÃBÄšH DENÃKU/ PrÅ¯myslovÃ½ boom, kterÃ½ v poslednÃ­ch letech dÃ­ky kvasinskÃ© automobilce Å koda Auto zaÅ¾Ã­vÃ¡ podhÅ¯Å™Ã­ OrlickÃ½ch hor, nemÃ¡ v ÄŒesku obdoby. Z vÃ½robnÃ­ch linek tÃ©to fabriky dennÄ› sjÃ­Å¾dÄ›jÃ­ stovky novÃ½ch aut, pracuje v nÃ­ vÃ­ce neÅ¾ deset tisÃ­c lidÃ­ z regionu, ale takÃ© z ciziny. Rychnovsko i lidÃ© v nÄ›m zbohatli. VÅ¡echno ale nÄ›co stojÃ­. Å½ivot v okrese se radikÃ¡lnÄ› promÄ›nil a najdou se takÃ© negativa. DopravnÃ­ infrastruktura by potÅ™ebovala rychlejÅ¡Ã­ zlepÅ¡enÃ­, obchodnÃ­kÅ¯m v regionu chybÃ­ pracovnÃ­ci a zhorÅ¡ila se i bezpeÄnost.;0;0;1;0;0;0
95;1;"VÃ­tÄ›znÃ© oslavy teprve musÃ­me nacviÄit, Å™Ã­kÃ¡ brnÄ›nskÃ¡ ragbistka ZÃ­tkovÃ¡ Brno - PÅ™ed Å¡esti lety byla u vzniku Å¾enskÃ© ragbyovÃ© reprezentace, teÄ s nÃ­ dokrÃ¡Äela k prvnÃ­mu velkÃ©mu ÃºspÄ›chu. BrnÄ›nskÃ¡ ragbistka Alexandra ZÃ­tkovÃ¡ v polovinÄ› bÅ™ezna pozvedla nad hlavu vytouÅ¾enou trofej pro vÃ­tÄ›ze EvropskÃ©ho pohÃ¡ru, kdyÅ¾ se spoluhrÃ¡Äkami v rozhodujÃ­cÃ­m utkÃ¡nÃ­ zdolala na domÃ¡cÃ­m hÅ™iÅ¡ti Finky 15:0."",""text"":""VÃ­tÄ›znÃ© oslavy teprve musÃ­me nacviÄit, Å™Ã­kÃ¡ brnÄ›nskÃ¡ ragbistka ZÃ­tkovÃ¡ Brno - PÅ™ed Å¡esti lety byla u vzniku Å¾enskÃ© ragbyovÃ© reprezentace, teÄ s nÃ­ dokrÃ¡Äela k prvnÃ­mu velkÃ©mu ÃºspÄ›chu. BrnÄ›nskÃ¡ ragbistka Alexandra ZÃ­tkovÃ¡ v polovinÄ› bÅ™ezna pozvedla nad hlavu vytouÅ¾enou trofej pro vÃ­tÄ›ze EvropskÃ©ho pohÃ¡ru, kdyÅ¾ se spoluhrÃ¡Äkami v rozhodujÃ­cÃ­m utkÃ¡nÃ­ zdolala na domÃ¡cÃ­m hÅ™iÅ¡ti Finky 15:0.";0;1;0;0;0;0
96;1;Å elmy jeÅ¡tÄ› musÃ­ do Prahy Brno â€“ BrnÄ›nskÃ© Å elmy prohrÃ¡ly ÄtvrtÃ½ zÃ¡pas ÄtvrtfinÃ¡lovÃ© sÃ©rie ligy volejbalistek s Olympem Praha 1:3.;0;1;0;0;0;0
97;1;Pyrrhova vÃ½hra. Å½abiny sice zaskoÄily KrÃ¡lovo Pole, ale pÅ™iÅ¡ly o dalÅ¡Ã­ hvÄ›zdu Brno â€“ Tahle vÃ½hra chutnÃ¡ dost hoÅ™ce. Basketbalistky Å½abin Brno sice v prvnÃ­ semifinÃ¡lovÃ© brnÄ›nskÃ© bitvÄ› proti mÄ›stskÃ©mu rivalovi KrÃ¡lovi Poli vyhrÃ¡ly na jeho palubovce 73:61 a ujaly se vedenÃ­ ve sledovanÃ© sÃ©rii, mÃ­sto radosti ale Å™eÅ¡Ã­ starosti.;0;1;0;0;0;0
98;1;"ÄŒeskÃ© legendy nasÃ¡zely tÅ™inÃ¡ct branek Izraeli Brno â€“ V pondÄ›lÃ­ se odehrÃ¡l v jihomoravskÃ© metropoli duel bÃ½valÃ½ch hokejovÃ½ch legend. Postavili se proti sobÄ› vÃ½bÄ›ry ÄŒeskÃ© republiky a Izraele. Do haly v ulici StÅ™ednÃ­ v LuÅ¾Ã¡nkÃ¡ch dorazila hojnÃ¡ skupinka fanouÅ¡kÅ¯, kterÃ¡ vytvoÅ™ila parÃ¡dnÃ­ kulisu u nakonec jednoznaÄnÃ©ho utkÃ¡nÃ­."",""text"":""ÄŒeskÃ© legendy nasÃ¡zely tÅ™inÃ¡ct branek Izraeli Brno â€“ V pondÄ›lÃ­ se odehrÃ¡l v jihomoravskÃ© metropoli duel bÃ½valÃ½ch hokejovÃ½ch legend. Postavili se proti sobÄ› vÃ½bÄ›ry ÄŒeskÃ© republiky a Izraele. Do haly v ulici StÅ™ednÃ­ v LuÅ¾Ã¡nkÃ¡ch dorazila hojnÃ¡ skupinka fanouÅ¡kÅ¯, kterÃ¡ vytvoÅ™ila parÃ¡dnÃ­ kulisu u nakonec jednoznaÄnÃ©ho utkÃ¡nÃ­.";0;1;0;0;0;0
99;1;ZlatÃ½ hattrick. SportovcÅ¯m JihomoravskÃ©ho kraje vlÃ¡dne Ondra Brno /FOTO/ - LezeckÃ½ mÃ¡g z Brna opÄ›t pÅ™ekonal vÅ¡echny ostatnÃ­. VÃ­tÄ›zem jubilejnÃ­ho desÃ¡tÃ©ho pokraÄovÃ¡nÃ­ ankety Sportovec JihomoravskÃ©ho kraje za rok 2018 se stal Adam Ondra. Jeden z nejlepÅ¡Ã­ch svÄ›tovÃ½ch lezcÅ¯ ovlÃ¡dl uÅ¾ potÅ™etÃ­ v Å™adÄ› a celkovÄ› poÄtvrtÃ© vyhlÃ¡Å¡enÃ­, kterÃ© s JihomoravskÃ½m krajem poÅ™Ã¡dÃ¡ regionÃ¡lnÃ­ organizace ÄŒeskÃ© unie sportu. SlavnostnÃ­ veÄer se tradiÄnÄ› uskuteÄnil v rotundÄ› pavilonu A na brnÄ›nskÃ©m vÃ½staviÅ¡ti.;0;1;0;0;0;0
100;1;PrestiÅ¾nÃ­ basketbalovÃ½ souboj o Brno v novÃ©m hÃ¡vu. Å½abiny jsou jinÃ© Brno â€“ PotÅ™etÃ­ v Å™adÄ› a pÅ™ece jinak. BrnÄ›nskÃ© Å¾enskÃ© basketbalovÃ© tÃ½my znovu pomÄ›Å™Ã­ sÃ­ly ve vzÃ¡jemnÃ© sÃ©rii extraligovÃ©ho play-off. Na rozdÃ­l od minulÃ½ch let se ale hrÃ¡Äky KrÃ¡lova Pole stÅ™etnou se Å½abinami aÅ¾ v semifinÃ¡le. SÃ©rie startuje ve stÅ™edu netradiÄnÄ› uÅ¾ od ÄtyÅ™ hodin odpoledne v krÃ¡lovopolskÃ© hale ve VodovÄ› ulici.;0;1;0;0;0;0
101;1;PrvnÃ­ mÃ­sto do olympijskÃ©ho Tokia. VystÅ™Ã­lel ho TomeÄek z Komety Brno Brno â€“ ÄŒeskÃ¡ republika mÃ¡ prvnÃ­ vyplnÄ›nou kolonku v poÄtu ÃºÄastnÃ­kÅ¯ na olympijskÃ© hry v Tokiu 2020. Japonskou mÃ­stenku zÃ­skal brokovÃ½ stÅ™elec brnÄ›nskÃ© Komety Jakub TomeÄek, kterÃ½ skonÄil tÅ™etÃ­ v disciplÃ­nÄ› skeet pÅ™i SvÄ›tovÃ©m pohÃ¡ru v mexickÃ©m Acapulcu.;0;1;0;0;0;0
102;1;PÅ™ekvapenÃ­ zaÄÃ¡tku krajskÃ½ch soutÄ›Å¾Ã­? Padl obr se Å vancarou i novic s kurÃ¡Å¾Ã­ JiÅ¾nÃ­ Morava - NeÄekanÃ½m klopÃ½tnutÃ­m naÅ¡lapanÃ©ho Startu Brno nebo porÃ¡Å¾kou ÃºspÄ›Å¡nÃ©ho novÃ¡Äka z PÅ™ibic zaÄala jarnÃ­ ÄÃ¡st krajskÃ½ch fotbalovÃ½ch soutÄ›Å¾Ã­.;0;1;0;0;0;0
103;1;LÃ©tajÃ­cÃ­ zabijÃ¡ci z Komety sestÅ™elili Hradec z pÅ™esilovek Brno â€“ PoÄetnÃ­ vÃ½hody, instinkt a efektivita. Tak lze vypoÄÃ­tat stÄ›Å¾ejnÃ­ ukazatele na cestÄ› hokejovÃ© Komety za zlatÃ½m hattrickem. PrvnÃ­ pÅ™ekÃ¡Å¾ku v podobÄ› Hradce KrÃ¡lovÃ© smetla 4:0 na zÃ¡pasy a tÄ›Å¡Ã­ se na semifinÃ¡le.;0;1;0;0;0;0
104;1;TÄ›snÄ› pod vrcholem. KorfbalistÃ© Brna se sklonili pÅ™ed ÄŒeskÃ½mi BudÄ›jovicem Brno - Deset, deset, deset. KorfbalistÃ© extraligovÃ½ch ÄŒeskÃ½ch BudÄ›jovic pÅ™i pozÃ¡pasovÃ©m focenÃ­ s mistrovskÃ½m pohÃ¡rem kÅ™epÄili a vyvolÃ¡vali kulatou ÄÃ­slovku. MÄ›la pro nÄ› velkÃ½ vÃ½znam. Triumfem 19:18 nad Brnem pÅ™i SuperfinÃ¡lovÃ©m dni totiÅ¾ zÃ­skali pro svÃ© mÄ›sto uÅ¾ desÃ¡tÃ½ titul v historii. Osamostatnili se tak pÅ™ed KolÃ­nem, kterÃ½ mÃ¡ devÄ›t vÃ½her.;0;1;0;0;0;0
105;1;Å elmy se drÃ¡pou mezi Å¡piÄku, KrÃ¡lovo Pole dalo sbohem Brno â€“ RozdÃ­lnÃ© pÅ™Ã­bÄ›hy pÃ­Å¡ou ve ÄtvrtfinÃ¡le volejbalovÃ© extraligy brnÄ›nskÃ© Å¾enskÃ© celky. ZatÃ­mco Å elmy jsou po sobotnÃ­ vydÅ™enÃ© vÃ½hÅ™e 3:2 na palubovce Olympu Praha za stavu 2:1 na zÃ¡pasy krok od postupu mezi ÄtyÅ™i nejlepÅ¡Ã­ celky soutÄ›Å¾e, KrÃ¡lovo Pole uÅ¾ je ze hry venku.;0;1;0;0;0;0
106;1;FanouÅ¡ci Komety vyvolÃ¡vali SmoleÅˆÃ¡ka. UkÃ¡zali respekt, tÄ›Å¡ilo bouÅ™livÃ¡ka Brno â€“ Na ledÄ› brnÄ›nskÃ© hrÃ¡Äe hecoval a provokoval, v zÃ¡kulisÃ­ zase popichoval kontroverznÃ­mi vÃ½roky. ÃštoÄnÃ­k Hradce KrÃ¡lovÃ© Radek SmoleÅˆÃ¡k byl jednou z ÃºstÅ™ednÃ­ch postav ÄtvrtfinÃ¡lovÃ© sÃ©rie play-off hokejovÃ© extraligy mezi brnÄ›nskou Kometou a Hradcem KrÃ¡lovÃ©. Po ÄtvrtÃ©m utkÃ¡nÃ­ sÃ©rie, kterÃ© Kometa opanovala 3:2 a celkovÄ› tak v sÃ©rii zvÃ­tÄ›zila 4:0 na zÃ¡pasy, se vyhlÃ¡Å¡enÃ½ rebel pÅ™ed soupeÅ™em sklonil. â€Kometa nÃ¡s vyÅ¡kolila. UkÃ¡zala, jak se hraje ve vyÅ™azovacÃ­ ÄÃ¡sti,â€œ uznal dvaatÅ™icetiletÃ½ forvard.;0;1;0;0;0;0
107;1;"BÄ›h LuÅ¾Ã¡nkami mÃ¡ po Å¡esti letech domÃ¡cÃ­ho vÃ­tÄ›ze. NejrychlejÅ¡Ã­ byl OlejnÃ­Äek Brno â€“ Po Å¡esti letech se BÄ›h LuÅ¾Ã¡nkami, kterÃ½ tradiÄnÄ› otevÃ­rÃ¡ brnÄ›nskou atletickou sezonu, doÄkal ÄeskÃ©ho vÃ­tÄ›ze. PÅ™i neÃºÄasti keÅˆskÃ½ch nebo ukrajinskÃ½ch zÃ¡vodnÃ­kÅ¯ zvÃ­tÄ›zil v 74. roÄnÃ­ku klÃ¡nÃ­ v nejstarÅ¡Ã­m ÄeskÃ©m mÄ›stskÃ©m parku domÃ¡cÃ­ atlet LukÃ¡Å¡ OlejnÃ­Äek."",""text"":""BÄ›h LuÅ¾Ã¡nkami mÃ¡ po Å¡esti letech domÃ¡cÃ­ho vÃ­tÄ›ze. NejrychlejÅ¡Ã­ byl OlejnÃ­Äek Brno â€“ Po Å¡esti letech se BÄ›h LuÅ¾Ã¡nkami, kterÃ½ tradiÄnÄ› otevÃ­rÃ¡ brnÄ›nskou atletickou sezonu, doÄkal ÄeskÃ©ho vÃ­tÄ›ze. PÅ™i neÃºÄasti keÅˆskÃ½ch nebo ukrajinskÃ½ch zÃ¡vodnÃ­kÅ¯ zvÃ­tÄ›zil v 74. roÄnÃ­ku klÃ¡nÃ­ v nejstarÅ¡Ã­m ÄeskÃ©m mÄ›stskÃ©m parku domÃ¡cÃ­ atlet LukÃ¡Å¡ OlejnÃ­Äek.";0;1;0;0;0;0
108;1;BÅ™ezina zajel Å¾ivotnÃ­ volnou jÃ­zdu. Na mistrovstvÃ­ svÄ›ta udrÅ¾el osmou pozici Saitama, Brno â€“ NejlepÅ¡Ã­ volnou jÃ­zdu kariÃ©ry pÅ™edvedl na mistrovstvÃ­ svÄ›ta v japonskÃ© SaitamÄ› brnÄ›nskÃ½ krasobruslaÅ™ Michal BÅ™ezina. Ziskem 167,32 bodu pÅ™ekonal svÃ© dosavadnÃ­ maximum z prosincovÃ©ho finÃ¡le Grand Prix ve Vancouveru a udrÅ¾el se v elitnÃ­ desÃ­tce. Obsadil osmou pÅ™Ã­Äku, kterÃ¡ mu patÅ™ila i po krÃ¡tkÃ©m programu. Jde o jeho nejlepÅ¡Ã­ umÃ­stÄ›nÃ­ na svÄ›tovÃ©m Å¡ampionÃ¡tu od roku 2012, kdy skonÄil Å¡estÃ½. Loni obsadil desÃ¡tou pozici.;0;1;0;0;0;0
109;1;"Zlomili jeho kouzlo. Startu nepomohl ani Å vancara, v RousÃ­novÄ› prohrÃ¡l 0:2 RousÃ­nov â€“ MoÅ¾nÃ¡ nejtÄ›Å¾Å¡Ã­ho moÅ¾nÃ©ho soupeÅ™e potkali v prvnÃ­m jarnÃ­m utkÃ¡nÃ­ krajskÃ©ho pÅ™eboru fotbalistÃ© Tatranu RousÃ­nov. Klub z brnÄ›nskÃ© mÄ›stskÃ© ÄÃ¡sti LesnÃ¡ Start Brno netajÃ­ pÅ™Ã¡nÃ­ postoupit do divize. A jeho uÅ¾ tak zvuÄnÃ½mi jmÃ©ny nabitÃ½ kÃ¡dr posÃ­lil pÅ™ed zÃ¡pasem v RousÃ­novÄ› dalÅ¡Ã­ hvÄ›zdnÃ½ playjer. Z Bohunic pÅ™iÅ¡el podpoÅ™it plnÄ›nÃ­ postupovÃ½ch cÃ­lÅ¯ prvoligovÃ½ veterÃ¡n Petr Å vancara. Na rousÃ­novskÃ©m trÃ¡vnÃ­ku ovÅ¡em jeho â€kouzlo\"" nezabralo. FavorizovanÃ½ Start prohrÃ¡l 0:2.";0;1;0;0;0;0
110;1;FotbalistÃ© VyÅ¡kova si odvezli bod z LÃ­Å¡nÄ›. HlavnÄ› zÃ¡sluhou brankÃ¡Å™e Å ustra Brno â€“ Ambice fotbalistÅ¯ LÃ­Å¡nÄ› a VyÅ¡kova jsou v MoravskoslezskÃ© lize vysokÃ©. Potvrdil to i vÃ½bornÃ½ fotbal v jejich vzÃ¡jemnÃ©m utkÃ¡nÃ­ ve druhÃ©m kole v LÃ­Å¡ni, pÅ™estoÅ¾e se po utkÃ¡nÃ­ skloÅˆovalo v podstatÄ› jen jedno jmÃ©no â€“ Martin Å ustr. HlavnÄ› vyÅ¡kovskÃ½ brankÃ¡Å™ mÃ¡ totiÅ¾ podÃ­l na tom, Å¾e si hostÃ© odvezli z trÃ¡vnÃ­ku vedoucÃ­ho tÃ½mu soutÄ›Å¾e bod po remÃ­ze 1:1.;0;1;0;0;0;0
111;1;Å˜Ã­kali, Å¾e jsme staÅ™Ã­. Jsme a tak jsme vyhrÃ¡li sÃ©rii jasnÄ› 4:0, tÄ›Å¡Ã­ ZaÅ¥oviÄe Brno â€“ Na prvnÃ­ branku v play-off Äekal tÅ™i zÃ¡pasy, v tom ÄtvrtÃ©m si gÃ³lovÃ½ pÅ¯st vynahradil. BrnÄ›nskÃ½ ÃºtoÄnÃ­k Martin ZaÅ¥oviÄ v sobotu hattrickem rozhodl o vÃ­tÄ›zstvÃ­ Komety 3:2 ve ÄtvrtÃ©m ÄtvrtfinÃ¡lovÃ©m utkÃ¡nÃ­ play-off hokejovÃ© extraligy a napodobil tak pÃ¡teÄnÃ­ poÄin Petera Muellera, kterÃ½ pÅ™ijal Ãºlohu jedinÃ©ho stÅ™elce pÅ™i vÃ½hÅ™e 2:1.;0;1;0;0;0;0
112;1;ZaÅ¥oviÄ vystÅ™Ã­lel semifinÃ¡le. MoÅ¾nÃ¡ mu odpustÃ­m pokutu za hattrick, Å™Ã­kÃ¡ ÄŒermÃ¡k Brno /VIDEO/ â€“ Do konce duelu schÃ¡zelo pÃ¡r minut. NerozhodnÃ½ stav 2:2. NapÄ›tÃ­ houstlo. Na tribunÃ¡ch to vÅ™elo. HokejovÃ¡ Kometa dostala vÃ½hodu pÅ™esilovky. JejÃ­ oblÃ­benÃ¡ disciplÃ­na. HrÃ¡Äi ÃºÅ™adujÃ­cÃ­ho mistra roztoÄili karneval pÅ™ihrÃ¡vek, v tom pÅ™ilÃ©tla stÅ™ela. GÃ³lman Hradce puk jen vyrazil. OdraÅ¾enÃ½ kotouÄ si naÅ¡el Martin ZaÅ¥oviÄ. GÃ³l. 3:2. Do konce zÃ¡pasu uÅ¾ Å¾Ã¡dnÃ½ nepadl. BrnÄ›nskÃ½ celek to zase dokÃ¡zal. Skolil Hradec KrÃ¡lovÃ© na domÃ¡cÃ­m ledÄ› a opanoval ÄtvrtfinÃ¡lovou sÃ©rii play-off 4:0 na zÃ¡pasy.;0;1;0;0;0;0
113;1;V tÃ½mu Salcburku mÃ¡me ÄtrnÃ¡ct nÃ¡rodnostÃ­, lÃ­ÄÃ­ odchovanec Zbrojovky Svoboda Brno â€“ ÄŒeÅ¡tÃ­ fotbalistÃ© do sedmnÃ¡cti let tento tÃ½den odstartovali v Nizozemsku elitnÃ­ fÃ¡zi kvalifikace o postup na evropskÃ½ Å¡ampionÃ¡t vÃ­tÄ›zstvÃ­m 1:0 s Izraelem. Podle jednÃ© z opor tÃ½mu, odchovance brnÄ›nskÃ© Zbrojovky AntonÃ­na Svobody, mÃ¡ souÄasnÃ½ vÃ½bÄ›r trenÃ©ra VÃ¡clava Kotala nejen na postup na Å¡ampionÃ¡t, ale takÃ© na umÃ­stÄ›nÃ­ do pÃ¡tÃ©ho mÃ­sta. TÃ­m by si mladÃ­ ÄeÅ¡tÃ­ fotbalistÃ© zajistili postup na mistrovstvÃ­ svÄ›ta, kde byla ÄeskÃ¡ sedmnÃ¡ctka naposledy pÅ™ed osmi lety.;0;1;0;0;0;0
114;1;Mueller: PÄ›t minut do konce a trestnÃ© stÅ™Ã­lenÃ­? V takovÃ½ch chvÃ­lÃ­ch se rozhoduje Brno â€“ StÅ™eleckÃ½ instinkt zabijÃ¡ka potvrdil v nejlepÅ¡Ã­ moÅ¾nou chvÃ­li. ÃštoÄnÃ­k Komety Peter Mueller rozhodl v pÃ¡teÄnÃ­m tÅ™etÃ­m ÄtvrtfinÃ¡lovÃ©m utkÃ¡nÃ­ play-off hokejovÃ© extraligy proti Hradci KrÃ¡lovÃ© dvÄ›ma gÃ³ly o domÃ¡cÃ­m vÃ­tÄ›zstvÃ­ 2:1 a zajistil BrÅˆanÅ¯m vedenÃ­ 3:0 na zÃ¡pasy v sÃ©rii. â€Byla to unikÃ¡tnÃ­ Å¡ance, zvlÃ¡Å¡Å¥ v zÃ¡pase play-off. TÅ™etÃ­ tÅ™etina, pÄ›t minut do konce, v takovÃ½ch chvÃ­lÃ­ch se rozhoduje,â€œ popsal situaci pÅ™ed vÃ­tÄ›znÃ½m gÃ³lem z nÃ¡jezdu tÅ™icetiletÃ½ forvard.;0;1;0;0;0;0
115;1;Zbrojovka v pÅ™Ã­pravÄ› uspÄ›la v OpavÄ›, Znojmo remizovalo v Senici Brno â€“ Na domÃ¡cÃ­ stranÄ› nastoupil nestÃ¡rnoucÃ­ Å¡pÃ­lmachr Pavel Zavadil, jemuÅ¾ vÅ¡ak duel proti bÃ½valÃ½m brnÄ›nskÃ½m spoluhrÃ¡ÄÅ¯m zhoÅ™kl. FotbalistÃ© Zbrojovky si reprezentaÄnÃ­ pÅ™estÃ¡vku zpestÅ™ili pÅ™Ã­pravou na hÅ™iÅ¡ti prvoligovÃ© Opavy, kde po gÃ³lech Jakuba PÅ™ichystala, Roberta Bartolomeua a Davida MouÄky zvÃ­tÄ›zili 3:1.;0;1;0;0;0;0
116;1;Kometa klepe na brÃ¡ny semifinÃ¡le. VyhrÃ¡la i potÅ™etÃ­, z nÃ¡jezdu rozhodl Mueller Brno / VIDEO/ â€“ Jsou blÃ­zko. HokejistÃ© Komety zabouchali na brÃ¡nu semifinÃ¡le play-off extraligy. V domÃ¡cÃ­m hÃ¡jemstvÃ­ udolali v tuhÃ© bitvÄ› Hradec KrÃ¡lovÃ© tÄ›snÄ› 2:1 a v sÃ©rii hranÃ© na ÄtyÅ™i vÃ­tÄ›znÃ© duely se ujali vedenÃ­ 3:0 na zÃ¡pasy.;0;1;0;0;0;0
117;1;KrasobruslaÅ™ka BÅ™ezinovÃ¡ si na MS po dvou pÃ¡dech pohorÅ¡ila. SkonÄila dvacÃ¡tÃ¡ Saitama â€“ ÄŒeskÃ© reprezentantce EliÅ¡ce BÅ™ezinovÃ© se na mistrovstvÃ­ svÄ›ta v krasobruslenÃ­ pÅ™Ã­liÅ¡ nepodaÅ™ila volnÃ¡ jÃ­zda. Po dvou pÃ¡dech klesla brnÄ›nskÃ¡ rodaÄka z osmnÃ¡ctÃ©ho mÃ­sta na koneÄnÃ© dvacÃ¡tÃ©.;0;1;0;0;0;0
118;1;ZmÄ›nil jsem styl. Å ermuji teÄ vÃ­c z obrany, Å™Ã­kÃ¡ brnÄ›nskÃ½ fleretista Choupenitch Brno /ROZHOVOR/ â€“ MÃ¡ bronz z mistrovstvÃ­ Evropy nebo tÅ™eba stÅ™Ã­bro z turnaje SvÄ›tovÃ©ho pohÃ¡ru. BrnÄ›nskÃ½ fleretista Alexander Choupenitch patÅ™Ã­ k nejlepÅ¡Ã­m evropskÃ½m Å¡ermÃ­Å™Å¯m a stÃ¡le mÃ­Å™Ã­ vÃ½Å¡.;0;1;0;0;0;0
119;1;StÃ¡le jsme jen na pÅ¯li cesty, Å™Ã­kÃ¡ o KometÄ› NÄ›mec Brno /INFOGRAFIKA/ - VÄ›Å™ili si, Å¾e prÃ¡vÄ› mohou bÃ½t ti, kdo sestÅ™elÃ­ lÃ©tajÃ­cÃ­ fenomÃ©n Kometu. JenÅ¾e hokejistÃ© Hradce KrÃ¡lovÃ© na cestÄ› za senzacÃ­ neudÄ›lali Å¾Ã¡dnÃ½ krok vpÅ™ed. Naopak. UÅ¾ dvakrÃ¡t zakopli. NavÃ­c v domÃ¡cÃ­m prostÅ™edÃ­. PrvnÃ­ duel se sice lÃ¡mal aÅ¾ v zÃ¡vÄ›ru, ale ve druhÃ©m druÅ¾ina Libora ZÃ¡branskÃ©ho nasÃ¡zela Mountfieldu bÅ¯ra.;0;1;0;0;0;0
120;1;Chceme, aby galerie byla k lidem vstÅ™Ã­cnÃ¡, Å™Ã­kÃ¡ Å™editel MoravskÃ© galerie Press Brno â€“ BrnÄ›nskÃ¡ MoravskÃ¡ galerie v poslednÃ­ dobÄ› zaÅ¾Ã­vÃ¡ rozkvÄ›t. VÃ½stavy majÃ­ u nÃ¡vÅ¡tÄ›vnÃ­kÅ¯ ÃºspÄ›ch, instituce vydÃ¡vÃ¡ oceÅˆovanÃ© publikace. PÅ™ed nedÃ¡vnem zaÄala velkÃ¡ rekonstrukce jednÃ© z budov galerie, UmÄ›leckoprÅ¯myslovÃ©ho muzea. V Äele vÅ¡eho dÄ›nÃ­ stojÃ­ uÅ¾ Å¡est let Å™editel Jan Press, kterÃ½ od zaÄÃ¡tku svÃ©ho pÅ¯sobenÃ­ ve funkci hlÃ¡sÃ¡, Å¾e chce do galerie pÅ™itahovat Å¡irokou veÅ™ejnost. S vÃ½sledky svÃ© snahy je spokojenÃ½. â€PoÄty nÃ¡vÅ¡tÄ›vnÃ­kÅ¯ jsou mnohonÃ¡sobnÄ› vyÅ¡Å¡Ã­. Je to vidÄ›t i pÅ™i vernisÃ¡Å¾Ã­ch. Kdysi Å¡lo o komornÃ­ akce, dnes o velkÃ© oslavy,â€œ Å™Ã­kÃ¡.;0;0;0;1;0;0
121;1;Na Slavnostech mandlonÃ­ se pokusÃ­ o rekord, v brnÄ›nskÃ© zoo pÅ™ivÃ­tajÃ­ jaro JiÅ¾nÃ­ Morava /TIPY NA VÃKEND/ - MandlovÃ© pivo, mandlovicovÃ¡ pÃ¡lenka a mandlovÃ© speciality si nÃ¡vÅ¡tÄ›vnÃ­ci vychutnajÃ­ v sobotu na Slavnostech mandlonÃ­ a vÃ­na v HustopeÄÃ­ch. Letos se pokusÃ­ vytvoÅ™it rekord v poÄtu pÅ™Ã­pitkÅ¯ mandlovicÃ­.;0;0;0;0;1;0
122;1;ProslulÃ¡ Madona nebo obÅ™Ã­ oltÃ¡Å™nÃ­ obrazy. VÃ½stava ukazuje dÃ­la knÃ­Å¾ete malÃ­Å™Å¯ Brno â€“ Po vÃ­ce neÅ¾ sto letech dostanou lidÃ© moÅ¾nost prohlÃ©dnout si v BrnÄ› soubornÄ› dÃ­lo Emila Pirchana. Jemu vÄ›novanou vÃ½stavu zahÃ¡jilo u pÅ™Ã­leÅ¾itosti 175. vÃ½roÄÃ­ Muzeum mÄ›sta Brna.;0;0;0;1;0;0
123;1;"Tip DenÃ­ku: BrnÄ›nskou FlÃ©du rozeznÃ­ SilnÃ© refrÃ©ny Brno - Jedna z nejznÃ¡mÄ›jÅ¡Ã­ch slovenskÃ½ch kapel se vracÃ­ do Brna. Punk-rockovÃ¡ ÄtveÅ™ice HorkÃ½Å¾e SlÃ­Å¾e hraje uÅ¾ dÃ©le neÅ¾ Ätvrt stoletÃ­ a ve Ätvrtek ÄtrnÃ¡ctÃ©ho bÅ™ezna od devÃ­ti veÄer vystoupÃ­ v brnÄ›nskÃ© FlÃ©dÄ›. Koncert navazuje na stÅ™edeÄnÃ­ vystoupenÃ­ kapely, na kterÃ© se lÃ­stky rychle vyprodaly. PoÅ™adatelÃ© se proto rozhodli pÅ™idat dalÅ¡Ã­ vystoupenÃ­. DruhÃ½ den po sobÄ› tak na FlÃ©dÄ› zaznÃ­ znÃ¡mÃ© hity jako SilnÃ½ RefrÃ©n nebo A jÃ¡ sprostÃ¡."",""text"":""Tip DenÃ­ku: BrnÄ›nskou FlÃ©du rozeznÃ­ SilnÃ© refrÃ©ny Brno - Jedna z nejznÃ¡mÄ›jÅ¡Ã­ch slovenskÃ½ch kapel se vracÃ­ do Brna. Punk-rockovÃ¡ ÄtveÅ™ice HorkÃ½Å¾e SlÃ­Å¾e hraje uÅ¾ dÃ©le neÅ¾ Ätvrt stoletÃ­ a ve Ätvrtek ÄtrnÃ¡ctÃ©ho bÅ™ezna od devÃ­ti veÄer vystoupÃ­ v brnÄ›nskÃ© FlÃ©dÄ›. Koncert navazuje na stÅ™edeÄnÃ­ vystoupenÃ­ kapely, na kterÃ© se lÃ­stky rychle vyprodaly. PoÅ™adatelÃ© se proto rozhodli pÅ™idat dalÅ¡Ã­ vystoupenÃ­. DruhÃ½ den po sobÄ› tak na FlÃ©dÄ› zaznÃ­ znÃ¡mÃ© hity jako SilnÃ½ RefrÃ©n nebo A jÃ¡ sprostÃ¡.";0;0;0;1;1;0
124;1;OBRAZEM: Brno roztanÄili medvÄ›di i vodnÃ­k Brno - Folklor, masky i pochovÃ¡nÃ­ basy. Na nÃ¡mÄ›stÃ­ Svobody v BrnÄ› v ÃºterÃ½ lidÃ© jiÅ¾ podesÃ¡tÃ© oslavili FaÅ¡ank. Akce zaÄala ve ÄtyÅ™i hodiny odpoledne. Na tradiÄnÃ­ masopustnÃ­ zÃ¡bavÄ› nechybÄ›ly ani ukÃ¡zky lidovÃ½ch zvykÅ¯ a tancÅ¯.;0;0;0;0;1;0
125;1;Centrum Brna rozveselÃ­ zpÄ›v faÅ¡anÄÃ¡rÅ¯. Na konci dne pochovajÃ­ basu Brno - FaÅ¡ank, veselÃ­ znÃ¡mÃ© takÃ© jako masopust Äi ostatky, bÃ½val kdysi jednÃ­m z nejvÃ½znamnÄ›jÅ¡Ã­ch pÅ™edÄ›lÅ¯ hospodÃ¡Å™skÃ©ho roku na vesnicÃ­ch. ByÅ¥ z mnoha velkÃ½ch mÄ›st uÅ¾ tradiÄnÃ­ zÃ¡bava vymizela, v BrnÄ› lidÃ© stÃ¡le mohou na mnoha mÃ­stech, kde se tradice udrÅ¾uje, potkat faÅ¡anÄÃ¡ry v maskÃ¡ch. V ÃºterÃ½ se takovÃ¡ pÅ™Ã­leÅ¾itost naskytne dokonce pÅ™Ã­mo v centru mÄ›sta, kde se odpoledne konÃ¡ jiÅ¾ desÃ¡tÃ½ roÄnÃ­k akce BrnÄ›nskÃ½ faÅ¡ank.;0;0;0;0;1;0
126;1;MladÃ½ pankÃ¡Ä ve starÃ½m tÄ›le, vzpomÃ­najÃ­ brnÄ›nÅ¡tÃ­ herci na zesnulÃ©ho Pechu Brno â€“ FantastickÃ½ herec, skvÄ›lÃ½ a hodnÃ½ chlapÃ­k, kterÃ½ se ale dovedl zmÄ›nit v bouÅ™livÃ¡ka, vzpomÃ­najÃ­ brnÄ›nÅ¡tÃ­ umÄ›lci na svÃ©ho kolegu JiÅ™Ã­ho Pechu. TÅ™ebÃ­ÄskÃ½ rodÃ¡k podlehl tÄ›Å¾kÃ© nemoci ve stÅ™edu ve vÄ›ku ÄtyÅ™iasedmdesÃ¡ti let.;0;0;0;1;0;0
127;1;"VÃ½stava vzpomÃ­nÃ¡ na Å½eleznou oponu Brno â€“ \""Co provedl? Kdo vlastnÄ› byl? Nikdo, jen jeden z mnoha.\"" Tak zaÄÃ­nÃ¡ pÅ™Ã­bÄ›h z doby za Å½eleznou oponou doplÅˆujÃ­cÃ­ vÃ½stavu s nÃ¡zvem Aby se nezapomnÄ›lo. Å est fotoobrazÅ¯ zdobÃ­ brnÄ›nskou pasÃ¡Å¾ Alfa.";0;0;0;0;1;0
128;1;VÃ½stava odhalÃ­ tajemstvÃ­ IndonÃ©sie a pÅ™ipomene jubileum Brno /FOTOGALERIE/ â€“ Å tÃ­ty, Äelenky, rituÃ¡lnÃ­ totemy i fotografie. Nejen to si lidÃ© od stÅ™edy 14. Ãºnora prohlÃ©dnou v PalÃ¡ci Å¡lechtiÄen MoravskÃ©ho zemskÃ©ho muzea v KobliÅ¾nÃ© ulici. VÃ½stava nÃ¡vÅ¡tÄ›vnÃ­ky zavede na ostrov NovÃ¡ Guinea i do celÃ© IndonÃ©sie, Pacifiku a na Å alomounovy ostrovy.;0;0;0;1;1;0
129;1;PÅ™iplouvÃ¡ PoslednÃ­ loÄ. Brno navÅ¡tÃ­vÃ­ i autor oÄekÃ¡vanÃ©ho muzikÃ¡lu roku Sting Brno - NejoÄekÃ¡vanÄ›jÅ¡Ã­ premiÃ©ru letoÅ¡nÃ­ sezony uvede o vÃ­kendu MÄ›stskÃ© divadlo Brno. Jako prvnÃ­ soubor na evropskÃ© pevninÄ› nastuduje muzikÃ¡l PoslednÃ­ loÄ, jehoÅ¾ autorem je britskÃ¡ rockovÃ¡ legenda Sting. NÄ›kterou z reprÃ­z hudebnÃ­k navÅ¡tÃ­vÃ­.;0;0;0;1;0;0
130;1;V BrnÄ› o vÃ­kendu odstartuje nejvÄ›tÅ¡Ã­ robotickÃ¡ soutÄ›Å¾ JiÅ¾nÃ­ Morava /TIPY NA VÃKEND/ - Vyrobit si vlastnÃ­ho svÃ­tÃ­cÃ­ho robota nebo porazit stroj ve stolnÃ­m fotbÃ¡lku mohou v sobotu nÃ¡vÅ¡tÄ›vnÃ­ci brnÄ›nskÃ©ho VIDA! science centra. DvoudennÃ­ akci zahÃ¡jÃ­ uÅ¾ v pÃ¡tek RobotiÃ¡da. Do nejvÄ›tÅ¡Ã­ho robotickÃ©ho klÃ¡nÃ­ pro dÄ›ti v ÄŒeskÃ© republice se letos pÅ™ihlÃ¡silo rekordnÃ­ch 650 ÃºÄastnÃ­kÅ¯. DorazÃ­ i tÃ½my ze zahraniÄÃ­.;0;0;0;0;1;0
131;1;KalendÃ¡Å™ roku zachycuje portrÃ©ty lidÃ­, kteÅ™Ã­ se hlÃ¡sÃ­ k sokolskÃ© VÄ›rnÃ© gardÄ› Brno - Ty nejlepÅ¡Ã­ z ÄeskÃ½ch kalendÃ¡Å™Å¯ dostaly svÃ© ocenÄ›nÃ­ ve Ätvrtek na vyhlÃ¡Å¡enÃ­ soutÄ›Å¾e KalendÃ¡Å™ roku 2019. VÃ­tÄ›zem se stal kalendÃ¡Å™ Sokol VÄ›rnÃ¡ garda 2019 od Romana France.;0;0;0;0;1;0
132;1;SbÃ­rka bÃ¡snÃ­ ze statusÅ¯ na Facebooku. Exministra Langera inspiroval Apollinaire Brno â€“ Skrz vÃ½kaly svÃ½ boly pÅ™ez hory slÃ­benÃ½ doly Å™epkovÃ½ troly. Takhle zaÄÃ­nÃ¡ jedna z bÃ¡snÃ­ bÃ½valÃ©ho ministra vnitra Ivana Langera. Ve stÅ™edu v brnÄ›nskÃ©m knihkupectvÃ­ BarviÄ a NovotnÃ½ pÅ™edstavil svou novou knihu SochobÃ¡snÄ› v SÃ­ti.;0;0;0;1;0;0
133;1;NovÃ¡ vÃ½stava upozorÅˆuje na problÃ©my, se kterÃ½mi se setkÃ¡vajÃ­ sexuÃ¡lnÃ­ menÅ¡iny Brno /FOTOGALERIE, VIDEO/ - KurÃ¡toÅ™i Martin VanÄ›k a Gyula Muskovics pÅ™edstavÃ­ v DomÄ› pÃ¡nÅ¯ z KunÅ¡tÃ¡tu dÃ­la queer umÄ›lcÅ¯ a umÄ›lkyÅˆ ze stÅ™ednÃ­ a vÃ½chodnÃ­ Evropy.;0;0;0;1;0;0
134;1;Ve firmÄ› v BuÄovicÃ­ch unikla kyselina chlorovodÃ­kovÃ¡, 55 evakuovanÃ½ch Ve firmÄ› v BuÄovicÃ­ch na VyÅ¡kovsku, v mÃ­stnÃ­ ÄÃ¡sti Marefy, rÃ¡no unikla kyselina chlorovodÃ­kovÃ¡. HasiÄi evakuovali asi 55 lidÃ­. UdÃ¡lost se obeÅ¡la bez zranÄ›nÃ­, hasiÄi lÃ¡tku odstraÅˆujÃ­, uvedl jejich mluvÄÃ­ Jaroslav MikoÅ¡ka.;0;0;1;0;0;0
135;1;BrÅˆany svezou historickÃ© tramvaje. Muzeum je nejprve musÃ­ opravit Brno â€“ VleÄnÃ½ tramvajovÃ½ vÅ¯z brÃ¡zdil ulice Brna uÅ¾ v roce 1876. Lokomotiva Caroline se objevila ve mÄ›stÄ› pÅ™ed rokem 1918. Nejen je spatÅ™Ã­ lidÃ© i letos. PÅ™i oslavÃ¡ch sto padesÃ¡ti let od poÄÃ¡tkÅ¯ brnÄ›nskÃ© hromadnÃ© dopravy.;1;0;0;0;0;0
136;1;"DruhÃ¡ liga: Jihlava prohrÃ¡la ve VÃ­tkovicÃ­ch, Znojmo zdolalo Å½iÅ¾kov JihlavÅ¡tÃ­ fotbalistÃ© ve 20. kole druhÃ© ligy ztratili body v boji o postup do nejvyÅ¡Å¡Ã­ soutÄ›Å¾e. Na hÅ™iÅ¡ti VÃ­tkovic prohrÃ¡li 0:1, kdyÅ¾ branku dostali tÅ™i minuty pÅ™ed koncem. Znojmo zdolalo poslednÃ­ Å½iÅ¾kov 1:0, Chrudim stejnÃ½m pomÄ›rem uspÄ›la v SokolovÄ› a je tÅ™inÃ¡ctÃ¡.\u003cul\u003e\u003cb\u003eDalÅ¡Ã­ ÄlÃ¡nky k tÃ©matu:\u003c/b\u003e\u003cli\u003e\u003ca href=\""https://www.idnes.cz/fotbal/domaci-souteze/brno-prostejov-fotbal-preview.A190330_467393_fot_dsouteze_tof#utm_source=rss\u0026utm_medium=feed\u0026utm_campaign=brnoh\u0026utm_content=related\""\u003eKlÃ­ÄovÃ½ dvojzÃ¡pas, vyhlÃ­Å¾Ã­ fotbalovÃ¡ Zbrojovka pÅ™Ã­Å¡tÃ­ dny\u003c/a\u003e\u003c/li\u003e\u003c/ul\u003e";0;1;0;0;0;0
137;1;"Na Blanensku auto tÄ›Å¾ce zranilo chodkyni, jeho Å™idiÄ uÅ¾il marihuanu OsobnÃ­ auto srazilo v noci na sobotu ve VelkÃ½ch OpatovicÃ­ch na Blanensku padesÃ¡tiletou Å¾enu. VrtulnÃ­k ji s vÃ¡Å¾nÃ½m zranÄ›nÃ­m pÅ™epravil do nemocnice, Å™ekla mluvÄÃ­ zÃ¡chrannÃ© sluÅ¾by Hedvika KropÃ¡ÄkovÃ¡. Podle mluvÄÃ­ policie Alice MusilovÃ© mÄ›l Å™idiÄ pozitivnÃ­ test na marihuanu.\u003cul\u003e\u003cb\u003eDalÅ¡Ã­ ÄlÃ¡nky k tÃ©matu:\u003c/b\u003e\u003cli\u003e\u003ca href=\""https://www.idnes.cz/plzen/zpravy/dopravni-nehoda-globus-karlovy-vary-vypadovka-plzen-osobni-auto.A190327_144836_plzen-zpravy_vb#utm_source=rss\u0026utm_medium=feed\u0026utm_campaign=brnoh\u0026utm_content=related\""\u003eNehoda na okraji PlznÄ› mÃ¡ tragickou dohru, oba zranÄ›nÃ­ senioÅ™i zemÅ™eli\u003c/a\u003e\u003c/li\u003e\u003cli\u003e\u003ca href=\""https://www.idnes.cz/brno/zpravy/nehoda-d1-dalnice-motorka.A190323_113455_brno-zpravy_abr#utm_source=rss\u0026utm_medium=feed\u0026utm_campaign=brnoh\u0026utm_content=related\""\u003eNehoda uzavÅ™ela dÃ¡lnici D1 u Brna, kolona mÄ›Å™ila ÄtyÅ™i kilometry\u003c/a\u003e\u003c/li\u003e\u003c/ul\u003e";1;0;0;0;0;0
138;1;"KlÃ­ÄovÃ½ dvojzÃ¡pas, vyhlÃ­Å¾Ã­ fotbalovÃ¡ Zbrojovka pÅ™Ã­Å¡tÃ­ dny BÄ›hem podzimnÃ­ ÄÃ¡sti druhÃ© ligy byl zÃ¡pas s ProstÄ›jovem pro fotbalisty Zbrojovky Brno tÃ­m, jÃ­mÅ¾ vyvrcholil jejich Å¡patnÃ½ vstup do sezony. Odnesl ho vyhazovem trenÃ©r Roman PivarnÃ­k, v zimÄ› ho nÃ¡sledovalo nÄ›kolik hrÃ¡ÄÅ¯. InkasovanÃ½m gÃ³lem na 1:2 v nastavenÃ©m Äase 25. srpna 2018 v ProstÄ›jovÄ› zaÄala pro brnÄ›nskÃ½ klub doba hledÃ¡nÃ­ trvajÃ­cÃ­ dodnes.\u003cul\u003e\u003cb\u003eDalÅ¡Ã­ ÄlÃ¡nky k tÃ©matu:\u003c/b\u003e\u003cli\u003e\u003ca href=\""https://www.idnes.cz/fotbal/domaci-souteze/druha-fotbalova-liga-20-kolo.A190329_184021_fot_dsouteze_ald#utm_source=rss\u0026utm_medium=feed\u0026utm_campaign=brnoh\u0026utm_content=related\""\u003eDruhÃ¡ liga: Jihlava prohrÃ¡la ve VÃ­tkovicÃ­ch, Znojmo zdolalo Å½iÅ¾kov\u003c/a\u003e\u003c/li\u003e\u003c/ul\u003e";0;1;0;0;0;0
139;1;"Bystrc bude odÅ™Ã­znutÃ¡ od Brna, silniÄÃ¡Å™i na pÄ›t mÄ›sÃ­cÅ¯ zavÅ™ou most TÃ©mÄ›Å™ jako odstÅ™iÅ¾enÃ­ od Brna si budou od soboty pÅ™ipadat Å™idiÄi z hustÄ› obydlenÃ© ÄÃ¡sti Bystrc na severozÃ¡padÄ› mÄ›sta. ZaÄÃ­nÃ¡ pÄ›timÄ›sÃ­ÄnÃ­ uzavÃ­rka klÃ­ÄovÃ©ho mostu pÅ™es Å½abovÅ™eskou ulici na hlavnÃ­ tepnÄ›.\u003cul\u003e\u003cb\u003eDalÅ¡Ã­ ÄlÃ¡nky k tÃ©matu:\u003c/b\u003e\u003cli\u003e\u003ca href=\""https://www.idnes.cz/brno/zpravy/spolek-napadeni-odlozeni-okruh-zabovreska-brno-doprava.A180726_152428_brno-zpravy_mos1#utm_source=rss\u0026utm_medium=feed\u0026utm_campaign=brnoh\u0026utm_content=related\""\u003eSpolek napadl stavbu mÄ›stskÃ©ho okruhu v BrnÄ›. PrÃ¡ce se zpozdÃ­ o mÄ›sÃ­ce\u003c/a\u003e\u003c/li\u003e\u003cli\u003e\u003ca href=\""https://www.idnes.cz/brno/zpravy/koordinator-ludek-borovy-stavba-uzavirka-kolaps-zacpa-doprava-brno.A190131_454632_brno-zpravy_mos1#utm_source=rss\u0026utm_medium=feed\u0026utm_campaign=brnoh\u0026utm_content=related\""\u003eKolony budou, i kdyÅ¾ se nebude stavÄ›t, Å™Ã­kÃ¡ koordinÃ¡tor uzavÃ­rek v BrnÄ›\u003c/a\u003e\u003c/li\u003e\u003cli\u003e\u003ca href=\""https://www.idnes.cz/brno/zpravy/uzavirky-brno-dopravni-chaos.A190223_459556_brno-zpravy_krut#utm_source=rss\u0026utm_medium=feed\u0026utm_campaign=brnoh\u0026utm_content=related\""\u003eAni letos Brno neunikne dopravnÃ­mu chaosu, uzavÃ­rky zaÄnou uÅ¾ v dubnu\u003c/a\u003e\u003c/li\u003e\u003c/ul\u003e";1;0;0;0;0;0
140;1;"MladÃ¡ Å™idiÄka pÅ™edjÃ­Å¾dÄ›la z kopce vÃ­c aut, jejÃ­ skonÄilo v kotrmelcÃ­ch NÄ›kolika kotrmelci v poli skonÄil pÅ™edjÃ­Å¾dÄ›cÃ­ manÃ©vr mladÃ© Å™idiÄky na HodonÃ­nsku. Å½ena pÅ™i nÄ›m dostala smyk a vyjela mimo silnici. PÅ™i nehodÄ› se zranila.\u003cul\u003e\u003cb\u003eDalÅ¡Ã­ ÄlÃ¡nky k tÃ©matu:\u003c/b\u003e\u003cli\u003e\u003ca href=\""https://www.idnes.cz/brno/zpravy/sloup-nehoda-prejezd-opila-ridicka-napichla-auto-hodonin.A180702_105531_brno-zpravy_krut#utm_source=rss\u0026utm_medium=feed\u0026utm_campaign=brnoh\u0026utm_content=related\""\u003eOpilÃ¡ Å™idiÄka v zatÃ¡Äce nabodla auto na sloupek Å¾elezniÄnÃ­ signalizace\u003c/a\u003e\u003c/li\u003e\u003cli\u003e\u003ca href=\""https://www.idnes.cz/brno/zpravy/dopravni-nehoda-plot-most-brezina-tisnovsko.A180710_153355_brno-zpravy_mos1#utm_source=rss\u0026utm_medium=feed\u0026utm_campaign=brnoh\u0026utm_content=related\""\u003eÅ˜idiÄka se otoÄila na dÃ­tÄ›, auto zarazila mezi plot a most\u003c/a\u003e\u003c/li\u003e\u003cli\u003e\u003ca href=\""https://www.idnes.cz/brno/zpravy/predjizdeni-horizont-srazka-skoda-dva-miliony-kurim-cebin.A170601_151834_brno-zpravy_krut#utm_source=rss\u0026utm_medium=feed\u0026utm_campaign=brnoh\u0026utm_content=related\""\u003eMladÃ­k pÅ™edjÃ­Å¾dÄ›l na horizontu, jeho auto pÅ™i srÃ¡Å¾ce pÅ™iÅ¡lo o motor\u003c/a\u003e\u003c/li\u003e\u003c/ul\u003e";1;0;0;0;0;0
141;1;"VolejbalistÃ© Brna senzaci nedotÃ¡hli, kladenskÃ½ sok je pÅ™eskÃ¡kal StaÅ™iÄkÃ© hlediÅ¡tÄ› bylo nacpanÃ© k prasknutÃ­, nÄ›kteÅ™Ã­ divÃ¡ci museli vzÃ­t zavdÄ›k sezenÃ­m na schodech. DruhÃ½ den po sobÄ› vÅ¡ak natÄ›Å¡enou halu v KounicovÄ› ulici nakonec zalilo zklamÃ¡nÃ­. Ve stÅ™edu tu svÅ¯j ÄtvrtfinÃ¡lovÃ½ meÄbol nevyuÅ¾ily volejbalovÃ© â€Å¡elmyâ€œ, ve Ätvrtek postup nedotÃ¡hli ani brnÄ›nÅ¡tÃ­ volejbalistÃ©. \u003cul\u003e\u003cb\u003eDalÅ¡Ã­ ÄlÃ¡nky k tÃ©matu:\u003c/b\u003e\u003cli\u003e\u003ca href=\""https://www.idnes.cz/sport/volejbal/extraliga-volejbalistu-ctvrtfinale-4-zapasy.A190328_221652_volejbal_ald#utm_source=rss\u0026utm_medium=feed\u0026utm_campaign=brnoh\u0026utm_content=related\""\u003eLibereÄtÃ­ volejbalistÃ© vydÅ™eli semifinÃ¡le, Kladno srovnalo sÃ©rii s Brnem\u003c/a\u003e\u003c/li\u003e\u003cli\u003e\u003ca href=\""https://www.idnes.cz/sport/volejbal/brno-baraz-extraliga-benatky-soud.A190328_092422_volejbal_rou#utm_source=rss\u0026utm_medium=feed\u0026utm_campaign=brnoh\u0026utm_content=related\""\u003eVolejbalistÃ© Brna mohou do barÃ¡Å¾e, jejich soupeÅ™ hrozÃ­ soudem\u003c/a\u003e\u003c/li\u003e\u003c/ul\u003e";0;1;0;0;0;0
142;1;MilionÃ¡Å™ mezi amatÃ©ry. Draci Brno zÃ­skali hvÄ›zdnÃ©ho nadhazovaÄe To tu jeÅ¡tÄ› nebylo. BaseballovÃ­ Draci Brno pÅ™ilÃ¡kali do svÃ½ch Å™ad muÅ¾e s tÃ©mÄ›Å™ pÄ›tistovkou startÅ¯ v nejlepÅ¡Ã­ lize svÄ›ta MLB - Petera Moylana.;0;1;0;0;0;0
143;1;"Dluh za MotoGP splatili z prodeje vstupenek, problÃ©m tak jen odsunuli ZalistovacÃ­ poplatek za brnÄ›nskou MotoGP se mÄ›l na ÃºÄtu promotÃ©rskÃ© spoleÄnosti Dorna objevit uÅ¾ pÅ™ed loÅˆskÃ½m Å¡ampionÃ¡tem. JenÅ¾e ÄÃ¡st penÄ›z tam ani pÅ™ed nÄ›kolika tÃ½dny nebyla. PoÅ™adatelskÃ½ spolek dluh urovnal aÅ¾ potÃ©, co promotÃ©r do Brna poslal dopis.\u003cul\u003e\u003cb\u003eDalÅ¡Ã­ ÄlÃ¡nky k tÃ©matu:\u003c/b\u003e\u003cli\u003e\u003ca href=\""https://www.idnes.cz/brno/zpravy/velka-cena-motocyklu-brno-zaloba-ministerstvo-skolstvi-dotace-soud.A181107_084913_brno-zpravy_krut#utm_source=rss\u0026utm_medium=feed\u0026utm_campaign=brnoh\u0026utm_content=related\""\u003ePoÅ™adatelÃ© VelkÃ© ceny motocyklÅ¯ Å¾alujÃ­ ministerstvo kvÅ¯li nÃ­zkÃ© dotaci\u003c/a\u003e\u003c/li\u003e\u003cli\u003e\u003ca href=\""https://www.idnes.cz/brno/zpravy/motogp-penize-miliony-tahanice-ministerstvo-kraj-brno.A180807_419293_brno-zpravy_mos1#utm_source=rss\u0026utm_medium=feed\u0026utm_campaign=brnoh\u0026utm_content=related\""\u003eBitva na drÃ¡ze skonÄila. ZaÄaly tahanice o penÃ­ze, kdo MotoGP zaplatÃ­\u003c/a\u003e\u003c/li\u003e\u003cli\u003e\u003ca href=\""https://www.idnes.cz/brno/zpravy/zavody-motogp-masarykuv-okruh-finance-problemy-vstupenky-brno.A181205_150959_brno-zpravy_mos1#utm_source=rss\u0026utm_medium=feed\u0026utm_campaign=brnoh\u0026utm_content=related\""\u003eZ Äeho zaplatÃ­ MotoGP v roce 2019 nenÃ­ jasnÃ©, lÃ­stky jsou vÅ¡ak k dostÃ¡nÃ­\u003c/a\u003e\u003c/li\u003e\u003c/ul\u003e";0;1;0;0;1;0
144;1;"LibereÄtÃ­ volejbalistÃ© vydÅ™eli semifinÃ¡le, Kladno srovnalo sÃ©rii s Brnem LibereÄtÃ­ volejbalistÃ© jsou v extraligovÃ©m semifinÃ¡le. V bitvÄ› na hÅ™iÅ¡ti Odolena Vody prohrÃ¡li prvnÃ­ dva sety, ale duel otoÄili a sÃ©rii ovlÃ¡dli 3:1. Kladno nedovolilo domÃ¡cÃ­mu Brnu ani set a srovnalo na 2:2 na zÃ¡pasy.\u003cul\u003e\u003cb\u003eDalÅ¡Ã­ ÄlÃ¡nky k tÃ©matu:\u003c/b\u003e\u003cli\u003e\u003ca href=\""https://www.idnes.cz/sport/volejbal/extraliga-muzu-ctvrtfinale-liberec-odolena-voda.A190328_093258_volejbal_rou#utm_source=rss\u0026utm_medium=feed\u0026utm_campaign=brnoh\u0026utm_content=related\""\u003eLibereckÃ½ kouÄ Nekola: NastoupÃ­me s tÃ­m, Å¾e chceme sÃ©rii ukonÄit\u003c/a\u003e\u003c/li\u003e\u003cli\u003e\u003ca href=\""https://www.idnes.cz/sport/volejbal/brno-baraz-extraliga-benatky-soud.A190328_092422_volejbal_rou#utm_source=rss\u0026utm_medium=feed\u0026utm_campaign=brnoh\u0026utm_content=related\""\u003eVolejbalistÃ© Brna mohou do barÃ¡Å¾e, jejich soupeÅ™ hrozÃ­ soudem\u003c/a\u003e\u003c/li\u003e\u003cli\u003e\u003ca href=\""https://www.idnes.cz/sport/volejbal/brno-kladno-volejbal.A190329_105825_volejbal_par#utm_source=rss\u0026utm_medium=feed\u0026utm_campaign=brnoh\u0026utm_content=related\""\u003eVolejbalistÃ© Brna senzaci nedotÃ¡hli, kladenskÃ½ sok je pÅ™eskÃ¡kal\u003c/a\u003e\u003c/li\u003e\u003cli\u003e\u003ca href=\""https://www.idnes.cz/sport/volejbal/liberec-volejbal-muzi-semifinale.A190330_467373_volejbal_tof#utm_source=rss\u0026utm_medium=feed\u0026utm_campaign=brnoh\u0026utm_content=related\""\u003eLibereÄtÃ­ volejbalistÃ© zlomili prokletÃ­ tie-breakÅ¯. A jsou v semifinÃ¡le\u003c/a\u003e\u003c/li\u003e\u003c/ul\u003e";0;1;0;0;0;0
145;1;"PÅ™ejel muÅ¾e a ujel, vinÃ­ obÅ¾aloba Å™idiÄe autobusu. Dostal tÅ™i roky vÄ›zenÃ­ BlanenskÃ½ okresnÃ­ soud potrestal osmaÄtyÅ™icetiletÃ©ho Å™idiÄe autobusu Petra Furcha tÅ™emi roky vÄ›zenÃ­, protoÅ¾e podle obÅ¾aloby pÅ™ejel opilÃ©ho mladÃ©ho muÅ¾e leÅ¾Ã­cÃ­ho na silnici. PÅ™itom mu vÅ¯bec nepomohl a pokraÄoval v jÃ­zdÄ›. MuÅ¾ na nÃ¡sledky tÄ›Å¾kÃ½ch zranÄ›nÃ­ na mÃ­stÄ› zemÅ™el. \u003cul\u003e\u003cb\u003eDalÅ¡Ã­ ÄlÃ¡nky k tÃ©matu:\u003c/b\u003e\u003cli\u003e\u003ca href=\""https://www.idnes.cz/brno/zpravy/kamion-dopravni-nehoda-rodinny-dum-lazanky-blansko.A190326_122055_brno-zpravy_mos1#utm_source=rss\u0026utm_medium=feed\u0026utm_campaign=brnoh\u0026utm_content=related\""\u003eKamion na Blanensku naboural do rodinnÃ©ho domu, zranÄ›nÃ½ je Å™idiÄ\u003c/a\u003e\u003c/li\u003e\u003cli\u003e\u003ca href=\""https://www.idnes.cz/brno/zpravy/nehoda-moravska-nova-ves-srazka-aut-zraneny-hasici.A190324_093433_brno-zpravy_abr#utm_source=rss\u0026utm_medium=feed\u0026utm_campaign=brnoh\u0026utm_content=related\""\u003ePÅ™i srÃ¡Å¾ce dvou aut se zranili ÄtyÅ™i lidÃ©, jednoho museli vyprostit\u003c/a\u003e\u003c/li\u003e\u003cli\u003e\u003ca href=\""https://www.idnes.cz/brno/zpravy/nehoda-d1-dalnice-motorka.A190323_113455_brno-zpravy_abr#utm_source=rss\u0026utm_medium=feed\u0026utm_campaign=brnoh\u0026utm_content=related\""\u003eNehoda uzavÅ™ela dÃ¡lnici D1 u Brna, kolona mÄ›Å™ila ÄtyÅ™i kilometry\u003c/a\u003e\u003c/li\u003e\u003c/ul\u003e";1;0;0;0;0;0
146;1;"U Bobycentra se vybÃ­ralo parkovnÃ© i pÅ™es zÃ¡kaz soudu, zasÃ¡hla policie AÄkoliv brnÄ›nskÃ½ mÄ›stskÃ½ soud vydal zaÄÃ¡tkem tohoto tÃ½dne pÅ™edbÄ›Å¾nÃ© opatÅ™enÃ­, Å¾e firmy spojenÃ© s podnikatelem Liborem ProchÃ¡zkou nesmÃ­ v lokalitÄ› za LuÅ¾Ã¡nkami vybÃ­rat parkovnÃ© na zpevnÄ›nÃ½ch plochÃ¡ch na pozemcÃ­ch mÄ›sta, museli tam i potÃ© Å™idiÄi platit. ZasÃ¡hli strÃ¡Å¾nÃ­ci i stÃ¡tnÃ­ policistÃ©.\u003cul\u003e\u003cb\u003eDalÅ¡Ã­ ÄlÃ¡nky k tÃ©matu:\u003c/b\u003e\u003cli\u003e\u003ca href=\""https://www.idnes.cz/brno/zpravy/libor-prochazka-podnikatel-parkovne-bobycentrum-luzanky-soud-zakaz-brno.A190326_102447_brno-zpravy_mos1#utm_source=rss\u0026utm_medium=feed\u0026utm_campaign=brnoh\u0026utm_content=related\""\u003eFirmy napojenÃ© na podnikatele ProchÃ¡zku nesmÃ­ u Bobycentra vybÃ­rat parkovnÃ©\u003c/a\u003e\u003c/li\u003e\u003cli\u003e\u003ca href=\""https://www.idnes.cz/brno/zpravy/stadion-luzanky-pratelsky-zapas-start-brno-bzenec.A190226_100258_brno-zpravy_krut#utm_source=rss\u0026utm_medium=feed\u0026utm_campaign=brnoh\u0026utm_content=related\""\u003eZa LuÅ¾Ã¡nkami se zase hrÃ¡lo. â€ZevnitÅ™ jsem stadion nepoznal,â€œ Å™ekl trenÃ©r\u003c/a\u003e\u003c/li\u003e\u003cli\u003e\u003ca href=\""https://www.idnes.cz/brno/zpravy/nove-zabrany-parkoviste-za-luzankami-brno-spor-podnikatel-libor-prochazka.A190211_456870_brno-zpravy_krut#utm_source=rss\u0026utm_medium=feed\u0026utm_campaign=brnoh\u0026utm_content=related\""\u003eZÃ¡brany, kterÃ© Brno odstranilo z parkoviÅ¡tÄ›, za chvÃ­li nahradily novÃ©\u003c/a\u003e\u003c/li\u003e\u003c/ul\u003e";0;0;0;0;0;1
147;1;"VolejbalistÃ© Brna mohou do barÃ¡Å¾e, jejich soupeÅ™ hrozÃ­ soudem ÄŒtyÅ™i dny potÃ©, co volejbalistÃ© Brna ve finÃ¡le 1. ligy vybojovali postup do barÃ¡Å¾e o extraligu, posvÄ›til jejich ÃºÄast v boji o nejvyÅ¡Å¡Ã­ soutÄ›Å¾ takÃ© volejbalovÃ½ svaz.\u003cul\u003e\u003cb\u003eDalÅ¡Ã­ ÄlÃ¡nky k tÃ©matu:\u003c/b\u003e\u003cli\u003e\u003ca href=\""https://www.idnes.cz/sport/volejbal/brno-volejbal.A190311_462954_volejbal_ald#utm_source=rss\u0026utm_medium=feed\u0026utm_campaign=brnoh\u0026utm_content=related\""\u003eZvlÃ¡Å¡tnÃ­ boj na vÃ­ce frontÃ¡ch. BrnÄ›nÅ¡tÃ­ volejbalistÃ© okusÃ­ dvÄ› play off\u003c/a\u003e\u003c/li\u003e\u003cli\u003e\u003ca href=\""https://www.idnes.cz/sport/volejbal/brno-muzi.A190204_220647_volejbal_rou#utm_source=rss\u0026utm_medium=feed\u0026utm_campaign=brnoh\u0026utm_content=related\""\u003eRuleta o miliony. Brno poslalo osobnosti z extraligy vyhrÃ¡t prvnÃ­ ligu\u003c/a\u003e\u003c/li\u003e\u003cli\u003e\u003ca href=\""https://www.idnes.cz/sport/volejbal/extraliga-volejbalistu-ctvrtfinale-4-zapasy.A190328_221652_volejbal_ald#utm_source=rss\u0026utm_medium=feed\u0026utm_campaign=brnoh\u0026utm_content=related\""\u003eLibereÄtÃ­ volejbalistÃ© vydÅ™eli semifinÃ¡le, Kladno srovnalo sÃ©rii s Brnem\u003c/a\u003e\u003c/li\u003e\u003cli\u003e\u003ca href=\""https://www.idnes.cz/sport/volejbal/brno-kladno-volejbal.A190329_105825_volejbal_par#utm_source=rss\u0026utm_medium=feed\u0026utm_campaign=brnoh\u0026utm_content=related\""\u003eVolejbalistÃ© Brna senzaci nedotÃ¡hli, kladenskÃ½ sok je pÅ™eskÃ¡kal\u003c/a\u003e\u003c/li\u003e\u003c/ul\u003e";0;1;0;0;0;0
148;1;Vilou se neslo cinkÃ¡nÃ­ kordÅ¯. Å ermÃ­Å™i bojovali o PohÃ¡r Zuzany Stiassni Brno - ChystajÃ­ se zahÃ¡jit boj a najednou vyrÃ¡Å¾Ã­. Kordy cinkajÃ­ o sebe a bojovnÃ­ci se k sobÄ› pÅ™ibliÅ¾ujÃ­. â€Stop, stop!â€œ kÅ™iÄÃ­ okolÃ­. Kordy ale zÅ¯stÃ¡vajÃ­ v obou muÅ¾Ã­ch zabodnutÃ©. Nikdo ale v sobotu nezemÅ™el. Pod dobovÃ½m obleÄenÃ­m se totiÅ¾ skrÃ½vajÃ­ ochrannÃ© vesty a obliÄeje pÃ¡nÅ¯ halÃ­ masky. V brnÄ›nskÃ© vile Stiassni se konÃ¡ PohÃ¡r Zuzany Stiassni. DruhÃ½ roÄnÃ­k turnaje v Å¡ermu baroknÃ­m kordem.;0;1;0;0;0;0
149;1;Tip DenÃ­ku: Ve Scale si nadÅ¡enci prohlÃ©dnou filmovÃ© plakÃ¡ty Brno - Pro vÅ¡echny milovnÃ­ky kina Scala, filmu Äi filmovÃ©ho materiÃ¡lu se uskuteÄnÃ­ v sobotu v poÅ™adÃ­ jiÅ¾ ÄtvrtÃ½ Scala Film Market.;0;0;0;0;1;0
150;1;NovÃ½ Å¡Ã©f lidovcÅ¯ VÃ½bornÃ½: NedÄ›lÃ¡me revoluci, navÃ¡Å¾eme na prÃ¡ci BÄ›lobrÃ¡dka Brno - KDU-ÄŒSL zvolenÃ­m novÃ©ho pÅ™edsednictva nedÄ›lÃ¡ revoluci, naopak navÃ¡Å¾e na prÃ¡ci bÃ½valÃ©ho pÅ™edsedy Pavla BÄ›lobrÃ¡dka a bÃ½valÃ©ho prvnÃ­ho mÃ­stopÅ™edsedy Mariana JureÄky. NovinÃ¡Å™Å¯m to dnes na sjezdu strany v BrnÄ› Å™ekl novÃ½ pÅ™edseda lidovcÅ¯ Marek VÃ½bornÃ½. NeuvaÅ¾uje takÃ© o tom, Å¾e by stranu s nÄ›kÃ½m spojil. Chce ji mÃ­t jako samostatnou a suverÃ©nnÃ­.;0;0;0;0;0;1
151;1;Lidovci si zvolili poslednÃ­ho mÃ­stopÅ™edsedu. Stal se jÃ­m Petr HladÃ­k Brno - PoslednÃ­m mÃ­stopÅ™edsedou KDU ÄŒSL se stal brnÄ›nskÃ½ politik Petr HladÃ­k. PrvnÃ­ho nÃ¡mÄ›stka brnÄ›nskÃ© primÃ¡torky zvolilo pÅ™edsednictvo v sobotu. HladÃ­k zÃ­skal 290 hlasÅ¯ z celkovÃ½ch 375.;0;0;0;0;0;1
152;1;Sjezd lidovcÅ¯ bude pokraÄovat volbou poslednÃ­ho mÃ­stopÅ™edsedy Brno - Po pÃ¡teÄnÃ­m zvolenÃ­ vÄ›tÅ¡iny novÃ©ho pÅ™edsednictva v Äele s Markem VÃ½bornÃ½m bude v sobotu sjezd KDU-ÄŒSL na brnÄ›nskÃ©m vÃ½staviÅ¡ti pokraÄovat volbou poslednÃ­ho Å™adovÃ©ho mÃ­stopÅ™edsedy, diskusÃ­ o zmÄ›nÄ› stanov a smÄ›Å™ovÃ¡nÃ­ politiky KDU-ÄŒSL. PÅ™edstavÃ­ se takÃ© lidoveÄtÃ­ kandidÃ¡ti pro kvÄ›tnovÃ© volby do EvropskÃ©ho parlamentu.;0;0;0;0;0;1
153;1;Muzejka: otevÅ™enÃ­ restaurace brzdÃ­ spor Brna a nÃ¡jemce Brno â€“ Objednat si jÃ­dlo v brnÄ›nskÃ© restauraci Muzejka mohli lidÃ© naposledy pÅ™ed sedmi lety. ZnovuotevÅ™enÃ­ restaurace brÃ¡nÃ­ spory nÃ¡jemce se zÃ¡stupci Brna.;0;0;0;0;0;1
154;1;Tip DenÃ­ku: Ve FlÃ©dÄ› bude KubÃ¡nskÃ¡ noc Brno - Do rytmu hudby z LatinskÃ© Ameriky se zahÃ¡lÃ­ v pÃ¡tek veÄer brnÄ›nskÃ½ klub FlÃ©da.;0;0;0;1;1;0
155;1;Å½ena povÃ­, jakÂ Å¡la z Mexika do Kanady. V HodonÃ­nÄ› lÃ¡kajÃ­ na ÄŒokoFest JiÅ¾nÃ­ Morava /TIPY NA VÃKEND/ - Pochoutky z mlÃ©ÄnÃ©, bÃ­lÃ© nebo hoÅ™kÃ© ÄokolÃ¡dy, marcipÃ¡n i pralinky, karamel, slanÃ¡ ÄokolÃ¡da i ÄokolÃ¡da s chilli Äi makronky. To je jen malÃ½ vÃ½Äet z dobrot, kterÃ© ochutnajÃ­ nÃ¡vÅ¡tÄ›vnÃ­ci ÄŒokoFestu v HodonÃ­nÄ›.;0;0;0;0;1;0
156;1;MotocyklovÃ¡ velkÃ¡ cena: kraj dÃ¡ letos pÄ›tadvacet milionÅ¯ korun Brno â€“ O pÄ›t milionÅ¯ vÃ­c neÅ¾ loni dÃ¡ JihomoravskÃ½ kraj na podporu letoÅ¡nÃ­ch motocyklovÃ½ch zÃ¡vodÅ¯ VelkÃ© ceny ÄŒeskÃ© republiky na MasarykovÄ› okruhu v BrnÄ›. Ve Ätvrtek o tom rozhodli krajÅ¡tÃ­ zastupitelÃ©.;0;1;0;0;0;1
157;1;O vÃ­kendu zavÅ™ou most pÅ™es Å½abovÅ™eskou ulici. Na nÄ›kolik mÄ›sÃ­cÅ¯ Brno â€“ KliÄkovÃ¡nÃ­ ÄekÃ¡ uÅ¾ o vÃ­kendu Å™idiÄe, kteÅ™Ã­ budou chtÃ­t projet kÅ™iÅ¾ovatku KnÃ­niÄskÃ© a Å½abovÅ™eskÃ© ulice v BrnÄ›. ÄŒekÃ¡ ji totiÅ¾ nÄ›kolikamÄ›sÃ­ÄnÃ­ uzavÃ­rka.;1;0;0;0;0;0
158;1;Spadl mi obrovskÃ½ Å¡utr ze srdce, Å™ekl po olympijskÃ©m kvÃ³taplacu TomeÄek Brno â€“ Po dvou chybÃ¡ch v zÃ¡vÄ›ru kvalifikace uÅ¾ schovÃ¡val hlavu do dlanÃ­ a smiÅ™oval se s tÃ­m, Å¾e mu stejnÄ› jako na loÅˆskÃ©m mistrovstvÃ­ svÄ›ta tÄ›snÄ› unikne mÃ­stenka na olympijskÃ© hry.;0;1;0;0;0;0
159;1;Kluci si to na hÅ™iÅ¡ti perfektnÄ› zaÅ™Ã­dili, Å™Ã­kÃ¡ AvdiÄ po vÃ½hÅ™e nad ViktoriÃ­ Znojmo â€“ Pro znojemskÃ© fotbalisty bylo Å¡estibodovÃ© pÃ¡teÄnÃ­ utkÃ¡nÃ­ s ViktoriÃ­ Å½iÅ¾kov dÅ¯leÅ¾itÃ©. SvÄ›Å™enci trenÃ©ra FrantiÅ¡ka Å turmy nakonec PraÅ¾any porazili 1:0. TÄ›snou vÃ½hru pomÃ¡hal udrÅ¾et svÃ½m vÃ½konem v obranÄ› i bosenskÃ½ bek 1. SC Muamer AvdiÄ. â€Å½iÅ¾kovÅ¡tÃ­ hrÃ¡li aktivnÄ›ji. Dnes jsme mÄ›li Å¡tÄ›stÃ­. JednoduÅ¡e jsme dali gÃ³l a vyhrÃ¡li. TÃ½m drÅ¾el pÅ™i sobÄ›,â€œ popsal po utkÃ¡nÃ­ Å¡estadvacetiletÃ½ obrÃ¡nce.;0;1;0;0;0;0
160;1;Buldoci, nebo Znojmo? ZaÄÃ­nÃ¡ florbalovÃ¡ sÃ©rie o pÅ™eÅ¾itÃ­ a nadÄ›ji Brno, Znojmo â€“ Celou sezonu klopÃ½tali, dalÅ¡Ã­ zavÃ¡hÃ¡nÃ­ uÅ¾ bude osudovÃ©. JihomoravskÃ© florbalovÃ© celky Buldoky Brno a Znojmo ÄekÃ¡ vzÃ¡jemnÃ¡ sÃ©rie druhÃ©ho kola play-down o nadÄ›ji na pÅ™eÅ¾itÃ­ v superlize.;0;1;0;0;0;0
161;1;ZnojemskÃ½m vyÅ¡la Å¡ance. S Å½iÅ¾kovem uhrÃ¡li tÄ›snÃ© vÃ­tÄ›zstvÃ­ Znojmo â€“ TÄ›Å¾ce vydÅ™enÃ½ prvnÃ­ poloÄas a jedinÃ¡ sprÃ¡vnÄ› mÃ­Å™enÃ¡ stÅ™ela Dominika Kunci ve druhÃ©m dÄ›jstvÃ­ stÃ¡la za pÃ¡teÄnÃ­m vÃ­tÄ›zstvÃ­m druholigovÃ©ho tÃ½mu 1. SC Znojmo, kterÃ½ doma porazil praÅ¾skou Viktorii Å½iÅ¾kov 1:0.;0;1;0;0;0;0
162;1;ÄŒermÃ¡k vyhrÃ¡l s Kometou sedmou sÃ©rii play-off v Å™adÄ›: Jsme hladovÃ­ po ÃºspÄ›chu Brno â€“ Abyste mÄ›li v kabinÄ› vÃ­tÄ›znou karmu, potÅ™ebujete LeoÅ¡e ÄŒermÃ¡ka. Tohle je totiÅ¾ recept hokejovÃ© Komety, jak vyhrÃ¡vat tituly. V poslednÃ­ch dvou letech to fungovalo vÃ­c neÅ¾ dobÅ™e. LÃ­dr BrÅˆanÅ¯ je perfektnÃ­ prototyp kapitÃ¡na. Na ledÄ› nevypustÃ­ jedinÃ½ souboj, do vÅ¡eho jde naplno, a proto mÃ¡ taky na hrudi vyÅ¡itÃ© cÃ©Äko. V minulÃ©m tÃ½dnu dovedl ÃºÅ™adujÃ­cÃ­ho mistra do semifinÃ¡le play-off a spoleÄnÄ› se spoluhrÃ¡Äi vyhlÃ­Å¾Ã­ soupeÅ™e.;0;1;0;0;0;0
163;1;ÄŒeÅ¡tÃ­ cyklistÃ© startujÃ­ domÃ¡cÃ­ pohÃ¡r klasikou VelkÃ¡ BÃ­teÅ¡ - Brno - VelkÃ¡ BÃ­teÅ¡ Brno â€“ Letos popÃ¡tÃ© mÃ¡ tradiÄnÄ› ÃºvodnÃ­ podnik ÄŒeskÃ©ho pohÃ¡ru v silniÄnÃ­ cyklistice start a cÃ­l ve VelkÃ© BÃ­teÅ¡i. Klasika VelkÃ¡ BÃ­teÅ¡ â€“ Brno â€“ VelkÃ¡ BÃ­teÅ¡ zahÃ¡jÃ­ domÃ¡cÃ­ seriÃ¡l s nÃ¡zvem Å koda Cup uÅ¾ v nedÄ›li a jde uÅ¾ o 42. roÄnÃ­k nejvÃ½znamnÄ›jÅ¡Ã­ho ÄeskÃ©ho jednorÃ¡zovÃ©ho zÃ¡vodu, kterÃ½ poÅ™Ã¡dÃ¡ TJ Favorit Brno.;0;1;0;0;0;0
164;1;Å ance po rozpacÃ­ch. Abrahama s Kornfeilem ÄekÃ¡ zÃ¡vod v ArgentinÄ› Brno â€“ Å ance na reparÃ¡t. JihomoravskÃ© piloty v seriÃ¡lu mistrovstvÃ­ svÄ›ta silniÄnÃ­ch motocyklÅ¯ Karla Abrahama z Brna s Jakubem Kornfeilem z Rohatce na HodonÃ­nsku ÄekÃ¡ v nedÄ›li v ArgentinÄ› na okruhu v Termas de RÃ­o Hondo druhÃ½ zÃ¡vod sezony.;0;1;0;0;0;0
165;1;HvÄ›zda baseballovÃ© Major League v BrnÄ›. Draky posÃ­lil nadhazovaÄ Moylan Brno â€“ NÄ›koho takovÃ©ho jeÅ¡tÄ› fanouÅ¡ci na ÄeskÃ½ch baseballovÃ½ch hÅ™iÅ¡tÃ­ch nevidÄ›li. DvanÃ¡ct let zkuÅ¡enostÃ­ v nejlepÅ¡Ã­ lize svÄ›ta. Bez jednoho pÄ›t set utkÃ¡nÃ­ v americkÃ© profesionÃ¡lnÃ­ Major League Baseball. To je Peter Moylan, novÃ¡ akvizice brnÄ›nskÃ½ch DrakÅ¯. â€Nikdo s tak dlouhou kariÃ©rou v Major League a navÃ­c s vÃ½znamnou rolÃ­ v tÃ½mu tady nehrÃ¡l. MyslÃ­m, Å¾e jde dokonce o evropskÃ½ unikÃ¡t,â€œ prohlÃ¡sil manaÅ¾er DrakÅ¯ ArnoÅ¡t NesÅˆal.;0;1;0;0;0;0
166;1;Volejbal Brno zaostal za favoritem. O postupujÃ­cÃ­m rozhodne pÃ¡tÃ½ duel Brno â€“ Tahle pohÃ¡dka jeÅ¡tÄ› musÃ­ na svÃ© pÅ™Ã­padnÃ© Å¡Å¥astnÃ© vyÃºstÄ›nÃ­ poÄkat. VolejbalistÃ© Brna finiÅ¡ujÃ­cÃ­ sezonu bez svÃ½ch nejvÄ›tÅ¡Ã­ch hvÄ›zd, nevyuÅ¾ili prvnÃ­ moÅ¾nost na postup do extraligovÃ©ho semifinÃ¡le.;0;1;0;0;0;0
167;1;ObÄ›tavost Komety. Kluci sebou hÃ¡zÃ­ o led a nasazujÃ­ vlastnÃ­ zdravÃ­, Å™Ã­kÃ¡ ÄŒiliak Brno â€“ SviÅ¡tÃ­cÃ­ puk vypÃ¡lenÃ½ z hokejky, kterÃ½ dosahuje aÅ¾ neuvÄ›Å™itelnÃ© rychlosti 150 kilometrÅ¯ za hodinu. JasnÄ›. Ne vÅ¡ichni hrÃ¡Äi v hokejovÃ© extralize dokÃ¡Å¾ou vyvinout takovou razanci, ale najdou se tacÃ­. NicmÃ©nÄ› zastavit projektil vlastnÃ­m tÄ›lem chce podstatnou dÃ¡vku kurÃ¡Å¾e.;0;1;0;0;0;0